team,reference_date,behavior_window_start,behavior_window_end,matches_available_all_time,matches_used_recent,oldest_match_used,latest_match_used,behavior_config_name,n_matches,weighted_goals_for,weighted_goals_for_raw,weighted_goals_for_adjusted,weighted_goals_against,weighted_goals_against_raw,weighted_goals_against_adjusted,weighted_goal_difference,all_time_goals_for,all_time_goals_against,attack_index,attack_index_raw,attack_index_adjusted_old,attack_index_adjusted,attack_index_residual,attack_index_residual_raw,attack_index_residual_robust,attack_index_final,defense_index,defense_index_raw,defense_index_adjusted_old,defense_index_adjusted,defense_index_residual,defense_index_residual_raw,defense_index_residual_robust,defense_index_final,weighted_goal_for_residual,weighted_goal_for_residual_raw,weighted_goal_for_residual_robust,weighted_goal_against_residual,weighted_goal_against_residual_raw,weighted_goal_against_residual_robust,weighted_result_residual,residual_coverage_recent,mean_blowout_weight_recent,top_3_attack_residual_share,top_3_defense_residual_share,recent_form_index,weighted_btts_rate,weighted_over_2_5_rate,clean_sheet_rate,failed_to_score_rate,environment_response_index,environment_sample_size,attack_data_quality,defense_data_quality,form_data_quality,environment_data_quality,overall_data_quality,behavior_warning,sample_size_warning,staleness_warning,opponent_quality_warning,mean_opponent_elo_recent,median_opponent_elo_recent,min_opponent_elo_recent,max_opponent_elo_recent,opponent_elo_coverage_recent,strong_opponent_match_count,weak_opponent_match_count,schedule_strength_label,schedule_strength_warning,opponent_adjustment_warning,residual_warning,residual_concentration_warning,last_updated
Abkhazia,2026-06-27,2022-06-27,2026-06-27,33,0,,,calibrated_4y_40m_hl365,0,,,,,,,,1.636,0.788,0.5,0.5,0.5,0.5,0.5,0.5,0.5,0.5,0.5,0.5,0.5,0.5,0.5,0.5,0.5,0.5,,,,,,,,0.0,,,,0.5,,,,,0.5,0,insufficient,insufficient,insufficient,none,insufficient,Fewer than 8 recent matches; behavior is insufficient.; No recent match date available.; Opponent Elo missing for recent matches; schedule strength unknown.; Residual coverage is 0%; residual behavior is unreliable.,Fewer than 8 recent matches; behavior is insufficient.,No recent match date available.,,,,,,0.0,0,0,unknown,Opponent Elo missing for recent matches; schedule strength unknown.,,Residual coverage is 0%; residual behavior is unreliable.,,2026-06-25T22:09:13+00:00
Afghanistan,2026-06-27,2022-06-27,2026-06-27,147,22,2023-06-13,2026-06-10,calibrated_4y_40m_hl365,22,0.347,0.427,0.347,1.408,1.201,1.408,-1.062,0.966,1.993,0.191,0.205,0.166,0.166,0.158,0.162,0.158,0.191,0.499,0.478,0.401,0.401,0.548,0.514,0.548,0.499,-1.025,-1.014,-1.025,-0.145,-0.043,-0.145,-0.249,1.0,0.984,0.58,0.455,0.203,0.245,0.144,0.26,0.594,0.5,0,moderate,moderate,moderate,none,moderate,Recent schedule skews toward weak opponents.; Attack index reduced after opponent-quality adjustment. Defense index reduced after opponent-quality adjustment.,,,,1331.314,1240.918,1070.949,1839.14,1.0,2,12,weak,Recent schedule skews toward weak opponents.,Attack index reduced after opponent-quality adjustment. Defense index reduced after opponent-quality adjustment.,,,2026-06-25T22:09:13+00:00
Albania,2026-06-27,2022-06-27,2026-06-27,398,40,2022-10-26,2026-06-06,calibrated_4y_40m_hl365,40,0.869,0.87,0.869,0.82,0.938,0.82,0.049,0.947,1.48,0.349,0.371,0.376,0.376,0.298,0.312,0.298,0.349,0.596,0.573,0.604,0.604,0.65,0.651,0.65,0.596,-0.607,-0.563,-0.607,-0.45,-0.454,-0.45,-0.038,1.0,0.985,0.282,0.376,0.407,0.287,0.279,0.382,0.399,0.5,0,high,high,high,none,high,Recent schedule skews toward strong opponents.; Defense index increased after opponent-quality adjustment.; Attack boosted by opponent adjustment but goal residual is negative. Schedule strength may be misleading; residuals do not support the full opponent boost.,,,,1626.059,1732.01,1079.522,2022.361,1.0,23,7,strong,Recent schedule skews toward strong opponents.,Defense index increased after opponent-quality adjustment.,Attack boosted by opponent adjustment but goal residual is negative. Schedule strength may be misleading; residuals do not support the full opponent boost.,,2026-06-25T22:09:13+00:00
Alderney,2026-06-27,2022-06-27,2026-06-27,135,0,,,calibrated_4y_40m_hl365,0,,,,,,,,0.541,4.593,0.5,0.5,0.5,0.5,0.5,0.5,0.5,0.5,0.5,0.5,0.5,0.5,0.5,0.5,0.5,0.5,,,,,,,,0.0,,,,0.5,,,,,0.5,0,insufficient,insufficient,insufficient,none,insufficient,Fewer than 8 recent matches; behavior is insufficient.; No recent match date available.; Opponent Elo missing for recent matches; schedule strength unknown.; Residual coverage is 0%; residual behavior is unreliable.,Fewer than 8 recent matches; behavior is insufficient.,No recent match date available.,,,,,,0.0,0,0,unknown,Opponent Elo missing for recent matches; schedule strength unknown.,,Residual coverage is 0%; residual behavior is unreliable.,,2026-06-25T22:09:13+00:00
Algeria,2026-06-27,2022-06-27,2026-06-27,618,40,2024-01-05,2026-06-16,calibrated_4y_40m_hl365,40,1.815,1.816,1.815,0.761,0.853,0.761,1.054,1.542,0.997,0.612,0.664,0.672,0.672,0.491,0.602,0.491,0.612,0.637,0.648,0.679,0.679,0.611,0.598,0.611,0.637,-0.027,0.306,-0.027,-0.333,-0.295,-0.333,0.038,1.0,0.883,0.26,0.295,0.697,0.35,0.583,0.514,0.277,0.5,0,high,high,high,none,high,Defense index increased after opponent-quality adjustment.; Schedule strength may be misleading; residuals do not support the full opponent boost.,,,,1569.023,1528.133,1095.609,2058.762,1.0,7,1,average,,Defense index increased after opponent-quality adjustment.,Schedule strength may be misleading; residuals do not support the full opponent boost.,,2026-06-25T22:09:13+00:00
Ambazonia,2026-06-27,2022-06-27,2026-06-27,6,0,,,calibrated_4y_40m_hl365,0,,,,,,,,0.5,2.833,0.5,0.5,0.5,0.5,0.5,0.5,0.5,0.5,0.5,0.5,0.5,0.5,0.5,0.5,0.5,0.5,,,,,,,,0.0,,,,0.5,,,,,0.5,0,insufficient,insufficient,insufficient,none,insufficient,Fewer than 8 recent matches; behavior is insufficient.; No recent match date available.; Opponent Elo missing for recent matches; schedule strength unknown.; Residual coverage is 0%; residual behavior is unreliable.,Fewer than 8 recent matches; behavior is insufficient.,No recent match date available.,,,,,,0.0,0,0,unknown,Opponent Elo missing for recent matches; schedule strength unknown.,,Residual coverage is 0%; residual behavior is unreliable.,,2026-06-25T22:09:13+00:00
American Samoa,2026-06-27,2022-06-27,2026-06-27,55,7,2023-11-20,2026-03-28,calibrated_4y_40m_hl365,7,0.612,0.813,0.612,3.809,3.774,3.809,-3.197,0.6,6.491,0.361,0.363,0.273,0.273,0.357,0.333,0.357,0.361,0.0,0.0,0.0,0.0,0.0,0.0,0.0,0.0,-0.429,-0.502,-0.429,1.511,4.019,1.511,-0.462,1.0,0.674,0.872,0.86,0.0,0.406,0.887,0.0,0.594,0.5,0,insufficient,insufficient,insufficient,none,insufficient,Fewer than 8 recent matches; behavior is insufficient.; Recent goals-against differs from all-time by -2.68.; Recent schedule skews toward weak opponents.; Attack index reduced after opponent-quality adjustment.; Attack residuals are concentrated in the top 3 matches (87%). Defense residuals are concentrated in the top 3 matches (86%).,Fewer than 8 recent matches; behavior is insufficient.,,,1214.678,1155.786,1056.681,1579.384,1.0,0,6,weak,Recent schedule skews toward weak opponents.,Attack index reduced after opponent-quality adjustment.,,Attack residuals are concentrated in the top 3 matches (87%). Defense residuals are concentrated in the top 3 matches (86%).,2026-06-25T22:09:13+00:00
Andalusia,2026-06-27,2022-06-27,2026-06-27,13,0,,,calibrated_4y_40m_hl365,0,,,,,,,,1.923,1.077,0.5,0.5,0.5,0.5,0.5,0.5,0.5,0.5,0.5,0.5,0.5,0.5,0.5,0.5,0.5,0.5,,,,,,,,0.0,,,,0.5,,,,,0.5,0,insufficient,insufficient,insufficient,none,insufficient,Fewer than 8 recent matches; behavior is insufficient.; No recent match date available.; Opponent Elo missing for recent matches; schedule strength unknown.; Residual coverage is 0%; residual behavior is unreliable.,Fewer than 8 recent matches; behavior is insufficient.,No recent match date available.,,,,,,0.0,0,0,unknown,Opponent Elo missing for recent matches; schedule strength unknown.,,Residual coverage is 0%; residual behavior is unreliable.,,2026-06-25T22:09:13+00:00
Andorra,2026-06-27,2022-06-27,2026-06-27,229,39,2022-09-22,2026-06-07,calibrated_4y_40m_hl365,39,0.346,0.376,0.346,1.565,1.685,1.565,-1.219,0.328,2.371,0.218,0.172,0.159,0.159,0.327,0.323,0.327,0.218,0.434,0.323,0.345,0.345,0.693,0.673,0.693,0.434,-0.518,-0.532,-0.518,-0.578,-0.519,-0.578,-0.006,1.0,0.937,0.271,0.328,0.109,0.175,0.368,0.135,0.759,0.5,0,high,high,high,none,high,Recent goals-against differs from all-time by -0.81.; Large raw-vs-residual defense disagreement.,,,,1518.581,1543.202,928.018,1992.466,1.0,9,9,average,,,Large raw-vs-residual defense disagreement.,,2026-06-25T22:09:13+00:00
Angola,2026-06-27,2022-06-27,2026-06-27,415,40,2023-06-17,2026-06-09,calibrated_4y_40m_hl365,40,1.116,1.17,1.116,0.912,0.912,0.912,0.204,1.133,1.031,0.461,0.483,0.464,0.464,0.407,0.418,0.407,0.461,0.599,0.582,0.586,0.586,0.639,0.642,0.639,0.599,-0.278,-0.245,-0.278,-0.418,-0.427,-0.418,-0.016,1.0,0.981,0.315,0.397,0.415,0.527,0.384,0.362,0.321,0.5,0,high,high,high,none,high,,,,,1532.605,1513.745,1231.367,2053.982,1.0,6,4,average,,,,,2026-06-25T22:09:13+00:00
Anguilla,2026-06-27,2022-06-27,2026-06-27,91,21,2023-03-24,2026-03-29,calibrated_4y_40m_hl365,21,0.604,0.782,0.604,2.642,2.536,2.642,-2.038,0.571,3.835,0.359,0.314,0.243,0.243,0.462,0.403,0.462,0.359,0.196,0.111,0.082,0.082,0.395,0.111,0.395,0.196,-0.113,-0.292,-0.113,0.315,1.168,0.315,0.055,1.0,0.803,0.493,0.389,0.164,0.327,0.804,0.045,0.641,0.5,0,moderate,moderate,moderate,none,moderate,Recent goals-against differs from all-time by -1.19.; Recent schedule skews toward weak opponents.; Attack index reduced after opponent-quality adjustment.; Large raw-vs-residual defense disagreement.,,,,1256.441,1294.283,1069.701,1532.236,1.0,0,17,weak,Recent schedule skews toward weak opponents.,Attack index reduced after opponent-quality adjustment.,Large raw-vs-residual defense disagreement.,,2026-06-25T22:09:13+00:00
Antigua and Barbuda,2026-06-27,2022-06-27,2026-06-27,231,21,2023-03-23,2025-11-18,calibrated_4y_40m_hl365,21,0.402,0.444,0.402,2.014,1.964,2.014,-1.612,1.325,1.831,0.212,0.199,0.181,0.181,0.242,0.251,0.242,0.212,0.336,0.271,0.248,0.248,0.489,0.309,0.489,0.336,-0.773,-0.747,-0.773,0.033,0.572,0.033,-0.226,1.0,0.889,0.51,0.492,0.075,0.345,0.451,0.156,0.645,0.5,0,moderate,moderate,moderate,none,moderate,Recent goals-for differs from all-time by -0.92.; Recent schedule skews toward weak opponents.,,,,1359.018,1382.504,1156.355,1646.206,1.0,0,7,weak,Recent schedule skews toward weak opponents.,,,,2026-06-25T22:09:13+00:00
Arameans Suryoye,2026-06-27,2022-06-27,2026-06-27,10,0,,,calibrated_4y_40m_hl365,0,,,,,,,,1.6,1.2,0.5,0.5,0.5,0.5,0.5,0.5,0.5,0.5,0.5,0.5,0.5,0.5,0.5,0.5,0.5,0.5,,,,,,,,0.0,,,,0.5,,,,,0.5,0,insufficient,insufficient,insufficient,none,insufficient,Fewer than 8 recent matches; behavior is insufficient.; No recent match date available.; Opponent Elo missing for recent matches; schedule strength unknown.; Residual coverage is 0%; residual behavior is unreliable.,Fewer than 8 recent matches; behavior is insufficient.,No recent match date available.,,,,,,0.0,0,0,unknown,Opponent Elo missing for recent matches; schedule strength unknown.,,Residual coverage is 0%; residual behavior is unreliable.,,2026-06-25T22:09:13+00:00
Argentina,2026-06-27,2022-06-27,2026-06-27,1070,40,2023-03-23,2026-06-16,calibrated_4y_40m_hl365,40,2.362,2.124,2.362,0.29,0.342,0.29,2.072,1.898,1.005,0.708,0.797,0.876,0.876,0.501,0.612,0.501,0.708,0.798,0.84,0.882,0.882,0.698,0.709,0.698,0.798,0.002,0.336,0.002,-0.595,-0.627,-0.595,0.008,1.0,0.869,0.371,0.325,0.886,0.217,0.532,0.815,0.068,0.5,0,high,high,high,none,high,Recent schedule skews toward strong opponents.; Attack index increased after opponent-quality adjustment. Defense index increased after opponent-quality adjustment.; Large raw-vs-residual attack disagreement. Schedule strength may be misleading; residuals do not support the full opponent boost.,,,,1738.925,1752.603,1393.753,2018.955,1.0,27,0,strong,Recent schedule skews toward strong opponents.,Attack index increased after opponent-quality adjustment. Defense index increased after opponent-quality adjustment.,Large raw-vs-residual attack disagreement. Schedule strength may be misleading; residuals do not support the full opponent boost.,,2026-06-25T22:09:13+00:00
Armenia,2026-06-27,2022-06-27,2026-06-27,272,37,2022-09-24,2026-06-09,calibrated_4y_40m_hl365,37,0.836,0.812,0.836,1.934,1.983,1.934,-1.098,1.007,1.835,0.363,0.359,0.372,0.372,0.375,0.392,0.375,0.363,0.293,0.222,0.243,0.243,0.459,0.206,0.459,0.293,-0.375,-0.324,-0.375,0.123,0.883,0.123,-0.082,1.0,0.894,0.359,0.349,0.188,0.544,0.512,0.0,0.456,0.5,0,high,high,high,none,high,Recent schedule skews toward strong opponents.; Attack boosted by opponent adjustment but goal residual is negative. Defense boosted by opponent adjustment but goals-against residual is poor.,,,,1609.057,1602.996,1282.259,1981.841,1.0,13,3,strong,Recent schedule skews toward strong opponents.,,Attack boosted by opponent adjustment but goal residual is negative. Defense boosted by opponent adjustment but goals-against residual is poor.,,2026-06-25T22:09:13+00:00
Artsakh,2026-06-27,2022-06-27,2026-06-27,11,0,,,calibrated_4y_40m_hl365,0,,,,,,,,2.909,1.273,0.5,0.5,0.5,0.5,0.5,0.5,0.5,0.5,0.5,0.5,0.5,0.5,0.5,0.5,0.5,0.5,,,,,,,,0.0,,,,0.5,,,,,0.5,0,insufficient,insufficient,insufficient,none,insufficient,Fewer than 8 recent matches; behavior is insufficient.; No recent match date available.; Opponent Elo missing for recent matches; schedule strength unknown.; Residual coverage is 0%; residual behavior is unreliable.,Fewer than 8 recent matches; behavior is insufficient.,No recent match date available.,,,,,,0.0,0,0,unknown,Opponent Elo missing for recent matches; schedule strength unknown.,,Residual coverage is 0%; residual behavior is unreliable.,,2026-06-25T22:09:13+00:00
Aruba,2026-06-27,2022-06-27,2026-06-27,152,22,2023-03-27,2026-06-06,calibrated_4y_40m_hl365,22,1.414,1.753,1.414,1.787,1.69,1.787,-0.373,1.309,2.349,0.592,0.599,0.486,0.486,0.575,0.651,0.575,0.592,0.397,0.361,0.335,0.335,0.482,0.38,0.482,0.397,0.224,0.453,0.224,0.055,0.36,0.055,0.058,1.0,0.821,0.45,0.464,0.361,0.527,0.697,0.141,0.387,0.5,0,moderate,moderate,moderate,none,moderate,Recent schedule skews toward weak opponents.; Attack index reduced after opponent-quality adjustment.,,,,1309.766,1295.723,947.396,1657.309,1.0,0,13,weak,Recent schedule skews toward weak opponents.,Attack index reduced after opponent-quality adjustment.,,,2026-06-25T22:09:13+00:00
Asturias,2026-06-27,2022-06-27,2026-06-27,1,0,,,calibrated_4y_40m_hl365,0,,,,,,,,3.0,1.0,0.5,0.5,0.5,0.5,0.5,0.5,0.5,0.5,0.5,0.5,0.5,0.5,0.5,0.5,0.5,0.5,,,,,,,,0.0,,,,0.5,,,,,0.5,0,insufficient,insufficient,insufficient,none,insufficient,Fewer than 8 recent matches; behavior is insufficient.; No recent match date available.; Opponent Elo missing for recent matches; schedule strength unknown.; Residual coverage is 0%; residual behavior is unreliable.,Fewer than 8 recent matches; behavior is insufficient.,No recent match date available.,,,,,,0.0,0,0,unknown,Opponent Elo missing for recent matches; schedule strength unknown.,,Residual coverage is 0%; residual behavior is unreliable.,,2026-06-25T22:09:13+00:00
Australia,2026-06-27,2022-06-27,2026-06-27,583,40,2023-03-24,2026-06-19,calibrated_4y_40m_hl365,40,1.628,1.488,1.628,0.67,0.786,0.67,0.958,2.005,1.065,0.54,0.585,0.648,0.648,0.435,0.527,0.435,0.54,0.646,0.644,0.691,0.691,0.651,0.644,0.651,0.646,-0.194,0.08,-0.194,-0.454,-0.433,-0.454,0.038,1.0,0.939,0.395,0.456,0.665,0.305,0.302,0.51,0.28,0.5,0,high,high,high,none,high,Recent schedule skews toward strong opponents.; Attack index increased after opponent-quality adjustment. Defense index increased after opponent-quality adjustment.; Attack boosted by opponent adjustment but goal residual is negative. Schedule strength may be misleading; residuals do not support the full opponent boost.,,,,1682.985,1705.848,1169.826,2059.953,1.0,21,2,strong,Recent schedule skews toward strong opponents.,Attack index increased after opponent-quality adjustment. Defense index increased after opponent-quality adjustment.,Attack boosted by opponent adjustment but goal residual is negative. Schedule strength may be misleading; residuals do not support the full opponent boost.,,2026-06-25T22:09:13+00:00
Austria,2026-06-27,2022-06-27,2026-06-27,861,40,2022-11-16,2026-06-16,calibrated_4y_40m_hl365,40,2.12,2.032,2.12,0.644,0.73,0.644,1.476,1.793,1.528,0.7,0.765,0.799,0.799,0.547,0.708,0.547,0.7,0.648,0.66,0.674,0.674,0.619,0.621,0.619,0.648,0.14,0.623,0.14,-0.356,-0.362,-0.356,0.068,1.0,0.925,0.447,0.346,0.764,0.536,0.513,0.344,0.101,0.5,0,high,high,high,none,high,Recent goals-against differs from all-time by -0.88.; Recent schedule skews toward strong opponents.; Attack index increased after opponent-quality adjustment.; Schedule strength may be misleading; residuals do not support the full opponent boost.,,,,1644.766,1722.898,943.532,2046.115,1.0,22,4,strong,Recent schedule skews toward strong opponents.,Attack index increased after opponent-quality adjustment.,Schedule strength may be misleading; residuals do not support the full opponent boost.,,2026-06-25T22:09:13+00:00
Aymara,2026-06-27,2022-06-27,2026-06-27,2,0,,,calibrated_4y_40m_hl365,0,,,,,,,,0.5,2.0,0.5,0.5,0.5,0.5,0.5,0.5,0.5,0.5,0.5,0.5,0.5,0.5,0.5,0.5,0.5,0.5,,,,,,,,0.0,,,,0.5,,,,,0.5,0,insufficient,insufficient,insufficient,none,insufficient,Fewer than 8 recent matches; behavior is insufficient.; No recent match date available.; Opponent Elo missing for recent matches; schedule strength unknown.; Residual coverage is 0%; residual behavior is unreliable.,Fewer than 8 recent matches; behavior is insufficient.,No recent match date available.,,,,,,0.0,0,0,unknown,Opponent Elo missing for recent matches; schedule strength unknown.,,Residual coverage is 0%; residual behavior is unreliable.,,2026-06-25T22:09:13+00:00
Azerbaijan,2026-06-27,2022-06-27,2026-06-27,310,37,2022-09-22,2026-06-09,calibrated_4y_40m_hl365,37,0.959,0.933,0.959,1.858,1.976,1.858,-0.898,0.768,1.677,0.385,0.381,0.389,0.389,0.395,0.479,0.395,0.385,0.296,0.224,0.258,0.258,0.463,0.382,0.463,0.296,-0.315,-0.063,-0.315,0.11,0.355,0.11,-0.05,1.0,0.891,0.391,0.287,0.219,0.549,0.592,0.073,0.417,0.5,0,high,high,high,none,high,Recent schedule skews toward strong opponents.; Defense index increased after opponent-quality adjustment.; Attack boosted by opponent adjustment but goal residual is negative. Defense boosted by opponent adjustment but goals-against residual is poor.,,,,1596.037,1611.015,935.574,2039.192,1.0,15,5,strong,Recent schedule skews toward strong opponents.,Defense index increased after opponent-quality adjustment.,Attack boosted by opponent adjustment but goal residual is negative. Defense boosted by opponent adjustment but goals-against residual is poor.,,2026-06-25T22:09:13+00:00
Bahamas,2026-06-27,2022-06-27,2026-06-27,67,19,2023-03-24,2026-03-29,calibrated_4y_40m_hl365,19,0.611,0.764,0.611,3.102,2.831,3.102,-2.491,1.119,3.179,0.337,0.332,0.267,0.267,0.346,0.328,0.346,0.337,0.092,0.057,0.027,0.027,0.175,0.0,0.175,0.092,-0.461,-0.515,-0.461,0.976,2.345,0.976,-0.377,1.0,0.817,0.473,0.451,0.032,0.514,0.807,0.0,0.486,0.5,0,moderate,moderate,moderate,none,moderate,Recent schedule skews toward weak opponents.; Attack index reduced after opponent-quality adjustment. Defense index reduced after opponent-quality adjustment.,,,,1274.638,1296.505,994.674,1736.207,1.0,1,13,weak,Recent schedule skews toward weak opponents.,Attack index reduced after opponent-quality adjustment. Defense index reduced after opponent-quality adjustment.,,,2026-06-25T22:09:13+00:00
Bahrain,2026-06-27,2022-06-27,2026-06-27,584,40,2023-09-07,2026-06-05,calibrated_4y_40m_hl365,40,0.992,0.969,0.992,1.365,1.438,1.365,-0.374,1.241,1.295,0.392,0.411,0.42,0.42,0.349,0.36,0.349,0.392,0.433,0.399,0.419,0.419,0.514,0.456,0.514,0.433,-0.454,-0.421,-0.454,-0.041,0.133,-0.041,-0.112,1.0,0.954,0.249,0.21,0.334,0.4,0.436,0.231,0.402,0.5,0,high,high,high,none,high,Attack boosted by opponent adjustment but goal residual is negative. Schedule strength may be misleading; residuals do not support the full opponent boost.,,,,1568.833,1632.923,1090.962,1934.785,1.0,11,8,average,,,Attack boosted by opponent adjustment but goal residual is negative. Schedule strength may be misleading; residuals do not support the full opponent boost.,,2026-06-25T22:09:13+00:00
Bangladesh,2026-06-27,2022-06-27,2026-06-27,305,34,2022-09-22,2026-06-05,calibrated_4y_40m_hl365,34,0.947,1.1,0.947,1.614,1.526,1.614,-0.667,0.905,1.823,0.474,0.47,0.403,0.403,0.482,0.477,0.482,0.474,0.466,0.415,0.382,0.382,0.584,0.515,0.584,0.466,-0.053,-0.068,-0.053,-0.253,-0.045,-0.253,0.109,1.0,0.956,0.486,0.509,0.306,0.502,0.48,0.239,0.325,0.5,0,high,high,high,none,high,Recent schedule skews toward weak opponents.; Attack index reduced after opponent-quality adjustment. Defense index reduced after opponent-quality adjustment.,,,,1284.56,1241.356,939.075,1830.579,1.0,2,21,weak,Recent schedule skews toward weak opponents.,Attack index reduced after opponent-quality adjustment. Defense index reduced after opponent-quality adjustment.,,,2026-06-25T22:09:13+00:00
Barawa,2026-06-27,2022-06-27,2026-06-27,12,0,,,calibrated_4y_40m_hl365,0,,,,,,,,1.333,3.833,0.5,0.5,0.5,0.5,0.5,0.5,0.5,0.5,0.5,0.5,0.5,0.5,0.5,0.5,0.5,0.5,,,,,,,,0.0,,,,0.5,,,,,0.5,0,insufficient,insufficient,insufficient,none,insufficient,Fewer than 8 recent matches; behavior is insufficient.; No recent match date available.; Opponent Elo missing for recent matches; schedule strength unknown.; Residual coverage is 0%; residual behavior is unreliable.,Fewer than 8 recent matches; behavior is insufficient.,No recent match date available.,,,,,,0.0,0,0,unknown,Opponent Elo missing for recent matches; schedule strength unknown.,,Residual coverage is 0%; residual behavior is unreliable.,,2026-06-25T22:09:13+00:00
Barbados,2026-06-27,2022-06-27,2026-06-27,302,26,2023-02-22,2026-03-29,calibrated_4y_40m_hl365,26,1.393,1.561,1.393,2.628,2.369,2.628,-1.236,1.301,1.745,0.611,0.622,0.547,0.547,0.585,0.634,0.585,0.611,0.156,0.122,0.057,0.057,0.235,0.177,0.235,0.156,0.254,0.401,0.254,0.794,0.97,0.794,-0.123,1.0,0.905,0.442,0.46,0.203,0.758,0.851,0.096,0.179,0.5,0,high,high,high,none,high,Recent goals-against differs from all-time by +0.88.; Recent schedule skews toward weak opponents.; Attack index reduced after opponent-quality adjustment. Defense index reduced after opponent-quality adjustment.,,,,1319.026,1307.619,1044.419,1610.821,1.0,0,15,weak,Recent schedule skews toward weak opponents.,Attack index reduced after opponent-quality adjustment. Defense index reduced after opponent-quality adjustment.,,,2026-06-25T22:09:13+00:00
Basque Country,2026-06-27,2022-06-27,2026-06-27,64,2,2024-05-21,2025-11-15,calibrated_4y_40m_hl365,2,2.752,2.631,2.752,0.147,0.184,0.147,2.604,2.562,1.391,0.92,0.952,0.961,0.961,0.844,0.867,0.844,0.92,0.891,0.913,0.927,0.927,0.842,0.848,0.842,0.891,1.032,1.102,1.032,-1.026,-1.044,-1.026,0.235,1.0,0.789,1.0,1.0,0.901,0.184,0.816,0.84,0.0,0.5,0,insufficient,insufficient,insufficient,none,insufficient,Fewer than 8 recent matches; behavior is insufficient.; Recent goals-against differs from all-time by -1.24.; Recent schedule skews toward strong opponents.; Schedule strength may be misleading; residuals do not support the full opponent boost.; Attack residuals are concentrated in the top 3 matches (100%). Defense residuals are concentrated in the top 3 matches (100%).,Fewer than 8 recent matches; behavior is insufficient.,,,1748.135,1748.135,1548.545,1947.725,1.0,1,0,strong,Recent schedule skews toward strong opponents.,,Schedule strength may be misleading; residuals do not support the full opponent boost.,Attack residuals are concentrated in the top 3 matches (100%). Defense residuals are concentrated in the top 3 matches (100%).,2026-06-25T22:09:13+00:00
Belarus,2026-06-27,2022-06-27,2026-06-27,315,38,2022-09-22,2026-06-09,calibrated_4y_40m_hl365,38,1.232,1.156,1.232,1.524,1.635,1.524,-0.292,1.152,1.473,0.471,0.472,0.507,0.507,0.47,0.513,0.47,0.471,0.426,0.363,0.402,0.402,0.573,0.436,0.573,0.426,-0.091,0.039,-0.091,-0.22,0.191,-0.22,0.131,1.0,0.896,0.344,0.386,0.357,0.514,0.579,0.284,0.36,0.5,0,high,high,high,none,high,Attack index increased after opponent-quality adjustment. Defense index increased after opponent-quality adjustment.; Attack boosted by opponent adjustment but goal residual is negative. Schedule strength may be misleading; residuals do not support the full opponent boost.,,,,1584.96,1565.309,1176.042,1883.445,1.0,10,3,average,,Attack index increased after opponent-quality adjustment. Defense index increased after opponent-quality adjustment.,Attack boosted by opponent adjustment but goal residual is negative. Schedule strength may be misleading; residuals do not support the full opponent boost.,,2026-06-25T22:09:13+00:00
Belgium,2026-06-27,2022-06-27,2026-06-27,854,40,2022-12-01,2026-06-15,calibrated_4y_40m_hl365,40,2.198,2.096,2.198,0.748,0.864,0.748,1.451,1.816,1.512,0.667,0.734,0.778,0.778,0.512,0.731,0.512,0.667,0.596,0.619,0.65,0.65,0.542,0.562,0.542,0.596,0.036,0.693,0.036,-0.126,-0.185,-0.126,-0.061,1.0,0.882,0.268,0.319,0.631,0.504,0.474,0.418,0.162,0.5,0,high,high,high,none,high,Recent schedule skews toward strong opponents.; Attack index increased after opponent-quality adjustment. Defense index increased after opponent-quality adjustment.; Schedule strength may be misleading; residuals do not support the full opponent boost.,,,,1699.009,1747.697,1047.505,2038.887,1.0,24,2,strong,Recent schedule skews toward strong opponents.,Attack index increased after opponent-quality adjustment. Defense index increased after opponent-quality adjustment.,Schedule strength may be misleading; residuals do not support the full opponent boost.,,2026-06-25T22:09:13+00:00
Belize,2026-06-27,2022-06-27,2026-06-27,121,26,2023-03-24,2026-03-30,calibrated_4y_40m_hl365,26,1.222,1.323,1.222,2.079,1.996,2.079,-0.857,1.099,1.926,0.516,0.534,0.489,0.489,0.476,0.581,0.476,0.516,0.295,0.255,0.227,0.227,0.388,0.24,0.388,0.295,-0.072,0.243,-0.072,0.336,0.779,0.336,-0.024,1.0,0.873,0.4,0.488,0.299,0.506,0.656,0.187,0.269,0.5,0,high,high,high,none,high,Recent schedule skews toward weak opponents.; Attack index reduced after opponent-quality adjustment.,,,,1388.9,1398.568,1020.553,1764.518,1.0,3,10,weak,Recent schedule skews toward weak opponents.,Attack index reduced after opponent-quality adjustment.,,,2026-06-25T22:09:13+00:00
Benin,2026-06-27,2022-06-27,2026-06-27,325,36,2022-09-24,2026-06-09,calibrated_4y_40m_hl365,36,0.974,0.982,0.974,1.226,1.328,1.226,-0.253,1.083,1.726,0.404,0.421,0.419,0.419,0.366,0.387,0.366,0.404,0.528,0.5,0.523,0.523,0.594,0.511,0.594,0.528,-0.402,-0.339,-0.402,-0.282,-0.033,-0.282,0.042,1.0,0.901,0.267,0.269,0.456,0.292,0.447,0.423,0.303,0.5,0,high,high,high,none,high,,,,,1554.017,1471.166,1368.001,1871.56,1.0,6,0,average,,,,,2026-06-25T22:09:13+00:00
Bermuda,2026-06-27,2022-06-27,2026-06-27,198,30,2023-03-25,2026-06-06,calibrated_4y_40m_hl365,30,1.341,1.349,1.341,2.338,2.398,2.338,-0.996,1.657,1.763,0.535,0.525,0.513,0.513,0.557,0.588,0.557,0.535,0.195,0.143,0.158,0.158,0.314,0.104,0.314,0.195,0.172,0.265,0.172,0.557,1.187,0.557,-0.001,1.0,0.811,0.284,0.304,0.269,0.44,0.829,0.142,0.413,0.5,0,high,high,high,none,high,Recent schedule skews toward weak opponents.; Defense boosted by opponent adjustment but goals-against residual is poor.,,,,1441.943,1474.208,980.206,1684.298,1.0,0,11,weak,Recent schedule skews toward weak opponents.,,Defense boosted by opponent adjustment but goals-against residual is poor.,,2026-06-25T22:09:13+00:00
Bhutan,2026-06-27,2022-06-27,2026-06-27,110,19,2023-03-25,2026-06-04,calibrated_4y_40m_hl365,19,0.319,0.383,0.319,2.801,2.685,2.801,-2.482,0.555,3.655,0.218,0.184,0.153,0.153,0.298,0.303,0.298,0.218,0.168,0.079,0.046,0.046,0.377,0.062,0.377,0.168,-0.606,-0.591,-0.606,0.37,1.314,0.37,-0.075,1.0,0.794,0.516,0.534,0.045,0.319,0.614,0.115,0.636,0.5,0,moderate,moderate,moderate,none,moderate,Recent goals-against differs from all-time by -0.85.; Recent schedule skews toward weak opponents.; Attack index reduced after opponent-quality adjustment. Defense index reduced after opponent-quality adjustment.; Large raw-vs-residual defense disagreement.,,,,1225.34,1193.357,1015.461,1478.343,1.0,0,15,weak,Recent schedule skews toward weak opponents.,Attack index reduced after opponent-quality adjustment. Defense index reduced after opponent-quality adjustment.,Large raw-vs-residual defense disagreement.,,2026-06-25T22:09:13+00:00
Biafra,2026-06-27,2022-06-27,2026-06-27,3,0,,,calibrated_4y_40m_hl365,0,,,,,,,,0.667,0.333,0.5,0.5,0.5,0.5,0.5,0.5,0.5,0.5,0.5,0.5,0.5,0.5,0.5,0.5,0.5,0.5,,,,,,,,0.0,,,,0.5,,,,,0.5,0,insufficient,insufficient,insufficient,none,insufficient,Fewer than 8 recent matches; behavior is insufficient.; No recent match date available.; Opponent Elo missing for recent matches; schedule strength unknown.; Residual coverage is 0%; residual behavior is unreliable.,Fewer than 8 recent matches; behavior is insufficient.,No recent match date available.,,,,,,0.0,0,0,unknown,Opponent Elo missing for recent matches; schedule strength unknown.,,Residual coverage is 0%; residual behavior is unreliable.,,2026-06-25T22:09:13+00:00
Bolivia,2026-06-27,2022-06-27,2026-06-27,534,40,2023-06-17,2026-06-10,calibrated_4y_40m_hl365,40,0.972,0.874,0.972,1.563,1.822,1.563,-0.592,1.021,1.968,0.387,0.38,0.427,0.427,0.403,0.396,0.403,0.387,0.363,0.312,0.393,0.393,0.484,0.398,0.484,0.363,-0.291,-0.312,-0.291,0.048,0.306,0.048,0.025,1.0,0.881,0.212,0.235,0.359,0.338,0.651,0.29,0.45,0.5,0,high,high,high,none,high,Recent schedule skews toward strong opponents.; Attack index increased after opponent-quality adjustment. Defense index increased after opponent-quality adjustment.; Attack boosted by opponent adjustment but goal residual is negative.,,,,1817.066,1814.277,1176.216,2070.695,1.0,36,1,strong,Recent schedule skews toward strong opponents.,Attack index increased after opponent-quality adjustment. Defense index increased after opponent-quality adjustment.,Attack boosted by opponent adjustment but goal residual is negative.,,2026-06-25T22:09:13+00:00
Bonaire,2026-06-27,2022-06-27,2026-06-27,44,19,2023-03-25,2026-06-06,calibrated_4y_40m_hl365,19,0.948,1.069,0.948,2.243,1.99,2.243,-1.295,1.432,2.477,0.439,0.44,0.39,0.39,0.436,0.419,0.436,0.439,0.253,0.211,0.138,0.138,0.35,0.283,0.35,0.253,-0.191,-0.244,-0.191,0.451,0.652,0.451,-0.202,1.0,0.93,0.681,0.522,0.204,0.532,0.705,0.059,0.396,0.5,0,moderate,moderate,moderate,none,moderate,Recent schedule skews toward weak opponents.; Attack index reduced after opponent-quality adjustment. Defense index reduced after opponent-quality adjustment.; Attack residuals are concentrated in the top 3 matches (68%).,,,,1290.684,1285.097,1007.427,1531.304,1.0,0,13,weak,Recent schedule skews toward weak opponents.,Attack index reduced after opponent-quality adjustment. Defense index reduced after opponent-quality adjustment.,,Attack residuals are concentrated in the top 3 matches (68%).,2026-06-25T22:09:13+00:00
Bosnia and Herzegovina,2026-06-27,2022-06-27,2026-06-27,285,37,2022-09-23,2026-06-18,calibrated_4y_40m_hl365,37,1.397,1.287,1.397,1.339,1.52,1.339,0.058,1.368,1.379,0.531,0.548,0.594,0.594,0.491,0.531,0.491,0.531,0.448,0.397,0.437,0.437,0.566,0.49,0.566,0.448,-0.026,0.092,-0.026,-0.199,0.03,-0.199,0.106,1.0,0.924,0.46,0.397,0.363,0.768,0.469,0.153,0.115,0.5,0,high,high,high,none,high,Recent schedule skews toward strong opponents.; Attack index increased after opponent-quality adjustment. Defense index increased after opponent-quality adjustment.; Schedule strength may be misleading; residuals do not support the full opponent boost.,,,,1651.128,1739.595,947.363,1989.882,1.0,20,5,strong,Recent schedule skews toward strong opponents.,Attack index increased after opponent-quality adjustment. Defense index increased after opponent-quality adjustment.,Schedule strength may be misleading; residuals do not support the full opponent boost.,,2026-06-25T22:09:13+00:00
Bosnia-H.,2026-06-27,2022-06-27,2026-06-27,1,1,2026-06-12,2026-06-12,calibrated_4y_40m_hl365,1,1.203,1.0,1.203,0.831,1.0,0.831,0.372,1.0,1.0,0.494,0.483,0.516,0.516,0.52,0.52,0.52,0.494,0.612,0.526,0.556,0.556,0.812,0.812,0.812,0.612,0.059,0.059,0.059,-0.936,-0.936,-0.936,0.388,1.0,1.0,1.0,1.0,0.339,1.0,0.0,0.0,0.0,0.5,0,insufficient,insufficient,insufficient,none,insufficient,Fewer than 8 recent matches; behavior is insufficient.; Recent schedule skews toward strong opponents.; Attack index increased after opponent-quality adjustment. Defense index increased after opponent-quality adjustment.; Large raw-vs-residual defense disagreement.; Attack residuals are concentrated in the top 3 matches (100%). Defense residuals are concentrated in the top 3 matches (100%).,Fewer than 8 recent matches; behavior is insufficient.,,,1824.609,1824.609,1824.609,1824.609,1.0,1,0,strong,Recent schedule skews toward strong opponents.,Attack index increased after opponent-quality adjustment. Defense index increased after opponent-quality adjustment.,Large raw-vs-residual defense disagreement.,Attack residuals are concentrated in the top 3 matches (100%). Defense residuals are concentrated in the top 3 matches (100%).,2026-06-25T22:09:13+00:00
Botswana,2026-06-27,2022-06-27,2026-06-27,332,38,2022-07-05,2026-03-31,calibrated_4y_40m_hl365,38,0.667,0.677,0.667,1.604,1.717,1.604,-0.937,0.807,1.283,0.316,0.309,0.306,0.306,0.333,0.321,0.333,0.316,0.371,0.326,0.352,0.352,0.477,0.447,0.477,0.371,-0.5,-0.538,-0.5,0.07,0.159,0.07,-0.072,1.0,0.934,0.395,0.35,0.244,0.291,0.483,0.195,0.508,0.5,0,high,high,high,none,high,Defense boosted by opponent adjustment but goals-against residual is poor.,,,,1520.584,1510.102,1096.069,1836.093,1.0,6,3,average,,,Defense boosted by opponent adjustment but goals-against residual is poor.,,2026-06-25T22:09:13+00:00
Brazil,2026-06-27,2022-06-27,2026-06-27,1061,40,2022-12-09,2026-06-19,calibrated_4y_40m_hl365,40,2.009,1.775,2.009,0.742,0.901,0.742,1.267,2.176,0.903,0.626,0.685,0.787,0.787,0.489,0.578,0.489,0.626,0.603,0.613,0.667,0.667,0.581,0.576,0.581,0.603,-0.034,0.235,-0.034,-0.244,-0.228,-0.244,-0.062,1.0,0.903,0.318,0.355,0.657,0.539,0.536,0.437,0.142,0.5,0,high,high,high,none,high,Recent schedule skews toward strong opponents.; Attack index increased after opponent-quality adjustment. Defense index increased after opponent-quality adjustment.; Schedule strength may be misleading; residuals do not support the full opponent boost.,,,,1834.478,1851.228,1518.148,2056.592,1.0,36,0,strong,Recent schedule skews toward strong opponents.,Attack index increased after opponent-quality adjustment. Defense index increased after opponent-quality adjustment.,Schedule strength may be misleading; residuals do not support the full opponent boost.,,2026-06-25T22:09:13+00:00
British Virgin Islands,2026-06-27,2022-06-27,2026-06-27,123,23,2023-03-23,2026-06-06,calibrated_4y_40m_hl365,23,1.156,1.378,1.156,1.584,1.454,1.584,-0.429,0.927,2.943,0.511,0.515,0.42,0.42,0.502,0.633,0.502,0.511,0.501,0.448,0.394,0.394,0.624,0.574,0.624,0.501,0.006,0.4,0.006,-0.372,-0.221,-0.372,0.159,1.0,0.841,0.369,0.377,0.33,0.356,0.576,0.224,0.377,0.5,0,moderate,moderate,moderate,none,moderate,Recent goals-against differs from all-time by -1.36.; Recent schedule skews toward weak opponents.; Attack index reduced after opponent-quality adjustment. Defense index reduced after opponent-quality adjustment.,,,,1252.856,1229.665,1015.281,1673.801,1.0,0,16,weak,Recent schedule skews toward weak opponents.,Attack index reduced after opponent-quality adjustment. Defense index reduced after opponent-quality adjustment.,,,2026-06-25T22:09:13+00:00
Brittany,2026-06-27,2022-06-27,2026-06-27,12,0,,,calibrated_4y_40m_hl365,0,,,,,,,,1.5,1.25,0.5,0.5,0.5,0.5,0.5,0.5,0.5,0.5,0.5,0.5,0.5,0.5,0.5,0.5,0.5,0.5,,,,,,,,0.0,,,,0.5,,,,,0.5,0,insufficient,insufficient,insufficient,none,insufficient,Fewer than 8 recent matches; behavior is insufficient.; No recent match date available.; Opponent Elo missing for recent matches; schedule strength unknown.; Residual coverage is 0%; residual behavior is unreliable.,Fewer than 8 recent matches; behavior is insufficient.,No recent match date available.,,,,,,0.0,0,0,unknown,Opponent Elo missing for recent matches; schedule strength unknown.,,Residual coverage is 0%; residual behavior is unreliable.,,2026-06-25T22:09:13+00:00
Brunei,2026-06-27,2022-06-27,2026-06-27,137,26,2022-09-21,2025-11-18,calibrated_4y_40m_hl365,26,0.432,0.538,0.432,2.351,2.249,2.351,-1.919,0.781,3.277,0.253,0.222,0.177,0.177,0.326,0.323,0.326,0.253,0.262,0.184,0.14,0.14,0.445,0.03,0.445,0.262,-0.523,-0.53,-0.523,0.164,1.411,0.164,-0.007,1.0,0.812,0.428,0.451,0.164,0.159,0.651,0.12,0.715,0.5,0,moderate,moderate,moderate,none,moderate,Recent goals-against differs from all-time by -0.93.; Recent schedule skews toward weak opponents.; Attack index reduced after opponent-quality adjustment. Defense index reduced after opponent-quality adjustment.; Large raw-vs-residual defense disagreement.,,,,1229.151,1240.399,944.627,1787.19,1.0,1,17,weak,Recent schedule skews toward weak opponents.,Attack index reduced after opponent-quality adjustment. Defense index reduced after opponent-quality adjustment.,Large raw-vs-residual defense disagreement.,,2026-06-25T22:09:13+00:00
Bulgaria,2026-06-27,2022-06-27,2026-06-27,736,38,2022-09-23,2026-06-05,calibrated_4y_40m_hl365,38,0.999,0.97,0.999,1.786,1.94,1.786,-0.788,1.38,1.501,0.4,0.401,0.413,0.413,0.398,0.584,0.398,0.4,0.32,0.252,0.294,0.294,0.479,0.357,0.479,0.32,-0.306,0.251,-0.306,0.062,0.428,0.062,0.035,1.0,0.856,0.328,0.325,0.322,0.438,0.622,0.176,0.432,0.5,0,high,high,high,none,high,Defense index increased after opponent-quality adjustment.; Attack boosted by opponent adjustment but goal residual is negative. Defense boosted by opponent adjustment but goals-against residual is poor. Schedule strength may be misleading; residuals do not support the full opponent boost.,,,,1600.548,1552.584,1196.374,2108.744,1.0,11,4,average,,Defense index increased after opponent-quality adjustment.,Attack boosted by opponent adjustment but goal residual is negative. Defense boosted by opponent adjustment but goals-against residual is poor. Schedule strength may be misleading; residuals do not support the full opponent boost.,,2026-06-25T22:09:13+00:00
Burkina Faso,2026-06-27,2022-06-27,2026-06-27,464,40,2023-10-17,2026-06-09,calibrated_4y_40m_hl365,40,1.633,1.682,1.633,0.983,1.028,0.983,0.65,1.25,1.33,0.603,0.644,0.619,0.619,0.509,0.586,0.509,0.603,0.562,0.559,0.569,0.569,0.568,0.561,0.568,0.562,0.028,0.257,0.028,-0.204,-0.183,-0.204,0.024,1.0,0.909,0.241,0.304,0.582,0.433,0.592,0.354,0.257,0.5,0,high,high,high,none,high,,,,,1536.295,1487.353,1115.699,1852.031,1.0,10,2,average,,,,,2026-06-25T22:09:13+00:00
Burundi,2026-06-27,2022-06-27,2026-06-27,218,25,2022-11-16,2026-05-26,calibrated_4y_40m_hl365,25,0.574,0.614,0.574,1.521,1.575,1.521,-0.947,1.087,1.353,0.236,0.219,0.199,0.199,0.274,0.325,0.274,0.236,0.405,0.35,0.362,0.362,0.534,0.481,0.534,0.405,-0.678,-0.524,-0.678,-0.101,0.056,-0.101,-0.128,1.0,0.92,0.402,0.329,0.189,0.161,0.298,0.138,0.743,0.5,0,high,high,high,none,high,,,,,1552.441,1505.629,1095.658,1916.112,1.0,8,2,average,,,,,2026-06-25T22:09:13+00:00
Cambodia,2026-06-27,2022-06-27,2026-06-27,295,29,2022-09-22,2026-06-09,calibrated_4y_40m_hl365,29,1.411,1.669,1.411,1.374,1.254,1.374,0.037,1.119,2.576,0.648,0.669,0.572,0.572,0.6,0.657,0.6,0.648,0.511,0.469,0.416,0.416,0.61,0.613,0.61,0.511,0.301,0.472,0.301,-0.329,-0.339,-0.329,0.123,1.0,0.928,0.46,0.51,0.381,0.558,0.639,0.29,0.167,0.5,0,high,high,high,none,high,Recent goals-against differs from all-time by -1.20.; Recent schedule skews toward weak opponents.; Attack index reduced after opponent-quality adjustment. Defense index reduced after opponent-quality adjustment.,,,,1255.127,1312.657,959.898,1572.411,1.0,0,18,weak,Recent schedule skews toward weak opponents.,Attack index reduced after opponent-quality adjustment. Defense index reduced after opponent-quality adjustment.,,,2026-06-25T22:09:13+00:00
Cameroon,2026-06-27,2022-06-27,2026-06-27,616,40,2022-11-24,2026-03-31,calibrated_4y_40m_hl365,40,1.216,1.223,1.216,0.612,0.676,0.612,0.604,1.406,1.039,0.459,0.499,0.498,0.498,0.365,0.385,0.365,0.459,0.683,0.687,0.698,0.698,0.674,0.677,0.674,0.683,-0.404,-0.346,-0.404,-0.523,-0.531,-0.523,-0.021,1.0,0.97,0.299,0.347,0.558,0.32,0.297,0.409,0.384,0.5,0,high,high,high,none,high,Schedule strength may be misleading; residuals do not support the full opponent boost.,,,,1589.074,1532.727,1256.411,2130.408,1.0,10,4,average,,,Schedule strength may be misleading; residuals do not support the full opponent boost.,,2026-06-25T22:09:13+00:00
Canada,2026-06-27,2022-06-27,2026-06-27,472,40,2023-07-04,2026-06-18,calibrated_4y_40m_hl365,40,1.728,1.65,1.728,0.632,0.697,0.632,1.096,1.305,1.301,0.573,0.636,0.681,0.681,0.427,0.628,0.427,0.573,0.67,0.682,0.713,0.713,0.645,0.66,0.645,0.67,-0.218,0.384,-0.218,-0.434,-0.48,-0.434,-0.024,1.0,0.916,0.368,0.273,0.594,0.487,0.32,0.502,0.176,0.5,0,high,high,high,none,high,Recent schedule skews toward strong opponents.; Attack index increased after opponent-quality adjustment. Defense index increased after opponent-quality adjustment.; Attack boosted by opponent adjustment but goal residual is negative. Schedule strength may be misleading; residuals do not support the full opponent boost.,,,,1751.012,1747.842,1417.266,2080.468,1.0,25,0,strong,Recent schedule skews toward strong opponents.,Attack index increased after opponent-quality adjustment. Defense index increased after opponent-quality adjustment.,Attack boosted by opponent adjustment but goal residual is negative. Schedule strength may be misleading; residuals do not support the full opponent boost.,,2026-06-25T22:09:13+00:00
Canary Islands,2026-06-27,2022-06-27,2026-06-27,4,0,,,calibrated_4y_40m_hl365,0,,,,,,,,2.75,0.75,0.5,0.5,0.5,0.5,0.5,0.5,0.5,0.5,0.5,0.5,0.5,0.5,0.5,0.5,0.5,0.5,,,,,,,,0.0,,,,0.5,,,,,0.5,0,insufficient,insufficient,insufficient,none,insufficient,Fewer than 8 recent matches; behavior is insufficient.; No recent match date available.; Opponent Elo missing for recent matches; schedule strength unknown.; Residual coverage is 0%; residual behavior is unreliable.,Fewer than 8 recent matches; behavior is insufficient.,No recent match date available.,,,,,,0.0,0,0,unknown,Opponent Elo missing for recent matches; schedule strength unknown.,,Residual coverage is 0%; residual behavior is unreliable.,,2026-06-25T22:09:13+00:00
Cape Verde,2026-06-27,2022-06-27,2026-06-27,236,40,2023-03-28,2026-06-15,calibrated_4y_40m_hl365,40,1.275,1.243,1.275,0.91,0.96,0.91,0.366,1.093,1.123,0.495,0.514,0.528,0.528,0.452,0.46,0.452,0.495,0.646,0.638,0.661,0.661,0.666,0.659,0.666,0.646,-0.144,-0.119,-0.144,-0.499,-0.477,-0.499,0.104,1.0,0.948,0.339,0.423,0.494,0.355,0.379,0.579,0.318,0.5,0,high,high,high,none,high,Attack boosted by opponent adjustment but goal residual is negative. Schedule strength may be misleading; residuals do not support the full opponent boost.,,,,1577.065,1539.032,1266.935,2094.274,1.0,12,4,average,,,Attack boosted by opponent adjustment but goal residual is negative. Schedule strength may be misleading; residuals do not support the full opponent boost.,,2026-06-25T22:09:13+00:00
Cascadia,2026-06-27,2022-06-27,2026-06-27,7,0,,,calibrated_4y_40m_hl365,0,,,,,,,,3.286,2.0,0.5,0.5,0.5,0.5,0.5,0.5,0.5,0.5,0.5,0.5,0.5,0.5,0.5,0.5,0.5,0.5,,,,,,,,0.0,,,,0.5,,,,,0.5,0,insufficient,insufficient,insufficient,none,insufficient,Fewer than 8 recent matches; behavior is insufficient.; No recent match date available.; Opponent Elo missing for recent matches; schedule strength unknown.; Residual coverage is 0%; residual behavior is unreliable.,Fewer than 8 recent matches; behavior is insufficient.,No recent match date available.,,,,,,0.0,0,0,unknown,Opponent Elo missing for recent matches; schedule strength unknown.,,Residual coverage is 0%; residual behavior is unreliable.,,2026-06-25T22:09:13+00:00
Catalonia,2026-06-27,2022-06-27,2026-06-27,48,0,,,calibrated_4y_40m_hl365,0,,,,,,,,1.562,1.75,0.5,0.5,0.5,0.5,0.5,0.5,0.5,0.5,0.5,0.5,0.5,0.5,0.5,0.5,0.5,0.5,,,,,,,,0.0,,,,0.5,,,,,0.5,0,insufficient,insufficient,insufficient,none,insufficient,Fewer than 8 recent matches; behavior is insufficient.; No recent match date available.; Opponent Elo missing for recent matches; schedule strength unknown.; Residual coverage is 0%; residual behavior is unreliable.,Fewer than 8 recent matches; behavior is insufficient.,No recent match date available.,,,,,,0.0,0,0,unknown,Opponent Elo missing for recent matches; schedule strength unknown.,,Residual coverage is 0%; residual behavior is unreliable.,,2026-06-25T22:09:13+00:00
Cayman Islands,2026-06-27,2022-06-27,2026-06-27,119,20,2023-03-26,2026-06-06,calibrated_4y_40m_hl365,20,0.787,1.022,0.787,1.719,1.629,1.719,-0.932,0.983,2.437,0.412,0.429,0.331,0.331,0.373,0.407,0.373,0.412,0.45,0.405,0.352,0.352,0.554,0.389,0.554,0.45,-0.381,-0.279,-0.381,-0.162,0.334,-0.162,-0.062,1.0,0.863,0.406,0.401,0.275,0.422,0.498,0.237,0.268,0.5,0,moderate,moderate,moderate,none,moderate,Recent schedule skews toward weak opponents.; Attack index reduced after opponent-quality adjustment. Defense index reduced after opponent-quality adjustment.,,,,1246.228,1235.985,1009.284,1643.75,1.0,0,12,weak,Recent schedule skews toward weak opponents.,Attack index reduced after opponent-quality adjustment. Defense index reduced after opponent-quality adjustment.,,,2026-06-25T22:09:13+00:00
Central African Republic,2026-06-27,2022-06-27,2026-06-27,138,25,2023-03-23,2026-06-09,calibrated_4y_40m_hl365,25,0.851,0.898,0.851,2.141,2.133,2.141,-1.29,1.058,1.906,0.363,0.345,0.326,0.326,0.403,0.411,0.403,0.363,0.252,0.194,0.193,0.193,0.387,0.269,0.387,0.252,-0.291,-0.267,-0.291,0.339,0.694,0.339,-0.055,1.0,0.881,0.441,0.332,0.226,0.367,0.544,0.128,0.565,0.5,0,high,high,high,none,high,,,,,1501.086,1472.087,984.122,1851.963,1.0,2,3,average,,,,,2026-06-25T22:09:13+00:00
Central Spain,2026-06-27,2022-06-27,2026-06-27,2,0,,,calibrated_4y_40m_hl365,0,,,,,,,,1.0,2.0,0.5,0.5,0.5,0.5,0.5,0.5,0.5,0.5,0.5,0.5,0.5,0.5,0.5,0.5,0.5,0.5,,,,,,,,0.0,,,,0.5,,,,,0.5,0,insufficient,insufficient,insufficient,none,insufficient,Fewer than 8 recent matches; behavior is insufficient.; No recent match date available.; Opponent Elo missing for recent matches; schedule strength unknown.; Residual coverage is 0%; residual behavior is unreliable.,Fewer than 8 recent matches; behavior is insufficient.,No recent match date available.,,,,,,0.0,0,0,unknown,Opponent Elo missing for recent matches; schedule strength unknown.,,Residual coverage is 0%; residual behavior is unreliable.,,2026-06-25T22:09:13+00:00
Chad,2026-06-27,2022-06-27,2026-06-27,138,23,2023-10-17,2025-11-17,calibrated_4y_40m_hl365,23,0.668,0.689,0.668,1.96,1.959,1.96,-1.292,0.848,1.725,0.338,0.32,0.311,0.311,0.378,0.369,0.378,0.338,0.295,0.228,0.228,0.228,0.453,0.398,0.453,0.295,-0.365,-0.392,-0.365,0.141,0.306,0.141,-0.09,1.0,0.955,0.396,0.486,0.107,0.499,0.48,0.097,0.485,0.5,0,moderate,moderate,moderate,none,moderate,,,,,1496.856,1477.407,1265.459,1721.934,1.0,1,3,average,,,,,2026-06-25T22:09:13+00:00
Chagos Islands,2026-06-27,2022-06-27,2026-06-27,16,0,,,calibrated_4y_40m_hl365,0,,,,,,,,1.75,4.75,0.5,0.5,0.5,0.5,0.5,0.5,0.5,0.5,0.5,0.5,0.5,0.5,0.5,0.5,0.5,0.5,,,,,,,,0.0,,,,0.5,,,,,0.5,0,insufficient,insufficient,insufficient,none,insufficient,Fewer than 8 recent matches; behavior is insufficient.; No recent match date available.; Opponent Elo missing for recent matches; schedule strength unknown.; Residual coverage is 0%; residual behavior is unreliable.,Fewer than 8 recent matches; behavior is insufficient.,No recent match date available.,,,,,,0.0,0,0,unknown,Opponent Elo missing for recent matches; schedule strength unknown.,,Residual coverage is 0%; residual behavior is unreliable.,,2026-06-25T22:09:13+00:00
Chameria,2026-06-27,2022-06-27,2026-06-27,7,2,2023-06-30,2023-07-01,calibrated_4y_40m_hl365,2,2.441,2.501,2.441,2.072,1.999,2.072,0.369,2.0,1.143,0.935,0.975,0.95,0.95,0.841,0.841,0.841,0.935,0.232,0.222,0.203,0.203,0.255,0.245,0.255,0.232,1.023,1.023,1.023,0.735,0.764,0.735,-0.114,1.0,1.0,1.0,1.0,0.514,1.0,1.0,0.0,0.0,0.5,0,insufficient,insufficient,insufficient,none,insufficient,Fewer than 8 recent matches; behavior is insufficient.; Latest match is 1092 days before reference date.; Recent goals-against differs from all-time by +0.93.; Attack residuals are concentrated in the top 3 matches (100%). Defense residuals are concentrated in the top 3 matches (100%).,Fewer than 8 recent matches; behavior is insufficient.,Latest match is 1092 days before reference date.,,1456.367,1456.367,1430.876,1481.859,1.0,0,0,average,,,,Attack residuals are concentrated in the top 3 matches (100%). Defense residuals are concentrated in the top 3 matches (100%).,2026-06-25T22:09:13+00:00
Chechnya,2026-06-27,2022-06-27,2026-06-27,3,0,,,calibrated_4y_40m_hl365,0,,,,,,,,1.0,9.667,0.5,0.5,0.5,0.5,0.5,0.5,0.5,0.5,0.5,0.5,0.5,0.5,0.5,0.5,0.5,0.5,,,,,,,,0.0,,,,0.5,,,,,0.5,0,insufficient,insufficient,insufficient,none,insufficient,Fewer than 8 recent matches; behavior is insufficient.; No recent match date available.; Opponent Elo missing for recent matches; schedule strength unknown.; Residual coverage is 0%; residual behavior is unreliable.,Fewer than 8 recent matches; behavior is insufficient.,No recent match date available.,,,,,,0.0,0,0,unknown,Opponent Elo missing for recent matches; schedule strength unknown.,,Residual coverage is 0%; residual behavior is unreliable.,,2026-06-25T22:09:13+00:00
Chile,2026-06-27,2022-06-27,2026-06-27,835,40,2022-09-23,2026-06-09,calibrated_4y_40m_hl365,40,1.186,1.093,1.186,1.341,1.579,1.341,-0.155,1.41,1.422,0.419,0.418,0.468,0.468,0.422,0.465,0.422,0.419,0.422,0.373,0.448,0.448,0.537,0.481,0.537,0.422,-0.235,-0.106,-0.235,-0.112,0.058,-0.112,0.017,1.0,0.93,0.319,0.317,0.388,0.447,0.594,0.302,0.492,0.5,0,high,high,high,none,high,Recent schedule skews toward strong opponents.; Attack index increased after opponent-quality adjustment. Defense index increased after opponent-quality adjustment.; Attack boosted by opponent adjustment but goal residual is negative.,,,,1792.176,1770.76,1408.445,2089.806,1.0,32,0,strong,Recent schedule skews toward strong opponents.,Attack index increased after opponent-quality adjustment. Defense index increased after opponent-quality adjustment.,Attack boosted by opponent adjustment but goal residual is negative.,,2026-06-25T22:09:13+00:00
China,2026-06-27,2022-06-27,2026-06-27,702,36,2022-07-20,2026-06-09,calibrated_4y_40m_hl365,36,0.922,0.892,0.922,1.098,1.198,1.098,-0.176,1.83,1.094,0.386,0.394,0.41,0.41,0.368,0.373,0.368,0.386,0.526,0.491,0.525,0.525,0.607,0.563,0.607,0.526,-0.396,-0.381,-0.396,-0.32,-0.19,-0.32,0.02,1.0,0.976,0.37,0.422,0.397,0.334,0.355,0.328,0.457,0.5,0,high,high,high,none,high,Recent goals-for differs from all-time by -0.91.; Defense index increased after opponent-quality adjustment.; Attack boosted by opponent adjustment but goal residual is negative. Schedule strength may be misleading; residuals do not support the full opponent boost.,,,,1604.409,1594.599,1160.575,1929.733,1.0,12,4,average,,Defense index increased after opponent-quality adjustment.,Attack boosted by opponent adjustment but goal residual is negative. Schedule strength may be misleading; residuals do not support the full opponent boost.,,2026-06-25T22:09:13+00:00
Cilento,2026-06-27,2022-06-27,2026-06-27,1,0,,,calibrated_4y_40m_hl365,0,,,,,,,,0.0,2.0,0.5,0.5,0.5,0.5,0.5,0.5,0.5,0.5,0.5,0.5,0.5,0.5,0.5,0.5,0.5,0.5,,,,,,,,0.0,,,,0.5,,,,,0.5,0,insufficient,insufficient,insufficient,none,insufficient,Fewer than 8 recent matches; behavior is insufficient.; No recent match date available.; Opponent Elo missing for recent matches; schedule strength unknown.; Residual coverage is 0%; residual behavior is unreliable.,Fewer than 8 recent matches; behavior is insufficient.,No recent match date available.,,,,,,0.0,0,0,unknown,Opponent Elo missing for recent matches; schedule strength unknown.,,Residual coverage is 0%; residual behavior is unreliable.,,2026-06-25T22:09:13+00:00
Colombia,2026-06-27,2022-06-27,2026-06-27,639,40,2023-06-16,2026-06-17,calibrated_4y_40m_hl365,40,2.321,2.046,2.321,0.864,1.037,0.864,1.457,1.293,1.153,0.717,0.763,0.881,0.881,0.611,0.707,0.611,0.717,0.553,0.556,0.614,0.614,0.548,0.552,0.548,0.553,0.332,0.62,0.332,-0.143,-0.156,-0.143,0.05,1.0,0.931,0.397,0.27,0.719,0.607,0.691,0.386,0.145,0.5,0,high,high,high,none,high,Recent goals-for differs from all-time by +1.03.; Recent schedule skews toward strong opponents.; Attack index increased after opponent-quality adjustment. Defense index increased after opponent-quality adjustment.; Schedule strength may be misleading; residuals do not support the full opponent boost.,,,,1834.748,1806.999,1604.868,2094.785,1.0,35,0,strong,Recent schedule skews toward strong opponents.,Attack index increased after opponent-quality adjustment. Defense index increased after opponent-quality adjustment.,Schedule strength may be misleading; residuals do not support the full opponent boost.,,2026-06-25T22:09:13+00:00
Comoros,2026-06-27,2022-06-27,2026-06-27,151,40,2023-07-06,2026-06-09,calibrated_4y_40m_hl365,40,0.912,0.934,0.912,1.226,1.316,1.226,-0.314,0.887,1.616,0.382,0.385,0.379,0.379,0.377,0.401,0.377,0.382,0.518,0.483,0.504,0.504,0.599,0.572,0.599,0.518,-0.37,-0.297,-0.37,-0.297,-0.216,-0.297,0.009,1.0,0.966,0.325,0.238,0.33,0.347,0.412,0.393,0.419,0.5,0,high,high,high,none,high,,,,,1521.195,1467.631,1140.419,1903.326,1.0,4,5,average,,,,,2026-06-25T22:09:13+00:00
Congo,2026-06-27,2022-06-27,2026-06-27,406,18,2022-09-24,2025-10-14,calibrated_4y_40m_hl365,18,0.675,0.699,0.675,1.91,1.908,1.91,-1.235,1.288,1.473,0.338,0.329,0.318,0.318,0.359,0.351,0.359,0.338,0.324,0.264,0.261,0.261,0.463,0.372,0.463,0.324,-0.424,-0.447,-0.424,0.111,0.385,0.111,-0.135,1.0,0.955,0.499,0.608,0.124,0.539,0.4,0.048,0.407,0.5,0,moderate,moderate,moderate,none,moderate,Defense residuals are concentrated in the top 3 matches (61%).,,,,1518.979,1503.986,1283.788,1884.434,1.0,2,4,average,,,,Defense residuals are concentrated in the top 3 matches (61%).,2026-06-25T22:09:13+00:00
Cook Islands,2026-06-27,2022-06-27,2026-06-27,53,9,2023-08-28,2024-09-06,calibrated_4y_40m_hl365,9,0.498,0.626,0.498,2.354,2.078,2.354,-1.856,0.811,4.981,0.29,0.296,0.236,0.236,0.277,0.269,0.277,0.29,0.27,0.242,0.163,0.163,0.336,0.113,0.336,0.27,-0.669,-0.694,-0.669,0.492,1.162,0.492,-0.201,1.0,0.896,0.628,0.707,0.169,0.37,0.649,0.138,0.454,0.5,0,low,low,low,none,low,Latest match is 659 days before reference date.; Recent goals-against differs from all-time by -2.63.; Recent schedule skews toward weak opponents.; Attack index reduced after opponent-quality adjustment. Defense index reduced after opponent-quality adjustment.; Attack residuals are concentrated in the top 3 matches (63%). Defense residuals are concentrated in the top 3 matches (71%).,,Latest match is 659 days before reference date.,,1348.163,1302.138,1136.539,1553.295,1.0,0,5,weak,Recent schedule skews toward weak opponents.,Attack index reduced after opponent-quality adjustment. Defense index reduced after opponent-quality adjustment.,,Attack residuals are concentrated in the top 3 matches (63%). Defense residuals are concentrated in the top 3 matches (71%).,2026-06-25T22:09:13+00:00
Corsica,2026-06-27,2022-06-27,2026-06-27,9,0,,,calibrated_4y_40m_hl365,0,,,,,,,,1.111,0.556,0.5,0.5,0.5,0.5,0.5,0.5,0.5,0.5,0.5,0.5,0.5,0.5,0.5,0.5,0.5,0.5,,,,,,,,0.0,,,,0.5,,,,,0.5,0,insufficient,insufficient,insufficient,none,insufficient,Fewer than 8 recent matches; behavior is insufficient.; No recent match date available.; Opponent Elo missing for recent matches; schedule strength unknown.; Residual coverage is 0%; residual behavior is unreliable.,Fewer than 8 recent matches; behavior is insufficient.,No recent match date available.,,,,,,0.0,0,0,unknown,Opponent Elo missing for recent matches; schedule strength unknown.,,Residual coverage is 0%; residual behavior is unreliable.,,2026-06-25T22:09:13+00:00
Costa Rica,2026-06-27,2022-06-27,2026-06-27,724,40,2023-07-04,2026-06-10,calibrated_4y_40m_hl365,40,1.745,1.691,1.745,1.21,1.327,1.21,0.535,1.71,1.185,0.572,0.606,0.622,0.622,0.493,0.652,0.493,0.572,0.477,0.473,0.51,0.51,0.484,0.456,0.484,0.477,-0.022,0.456,-0.022,0.049,0.132,0.049,-0.053,1.0,0.888,0.259,0.314,0.489,0.498,0.664,0.331,0.369,0.5,0,high,high,high,none,high,Recent schedule skews toward strong opponents.; Defense index increased after opponent-quality adjustment.; Schedule strength may be misleading; residuals do not support the full opponent boost.,,,,1661.851,1640.517,1135.757,2073.427,1.0,16,4,strong,Recent schedule skews toward strong opponents.,Defense index increased after opponent-quality adjustment.,Schedule strength may be misleading; residuals do not support the full opponent boost.,,2026-06-25T22:09:13+00:00
County of Nice,2026-06-27,2022-06-27,2026-06-27,9,0,,,calibrated_4y_40m_hl365,0,,,,,,,,2.111,1.444,0.5,0.5,0.5,0.5,0.5,0.5,0.5,0.5,0.5,0.5,0.5,0.5,0.5,0.5,0.5,0.5,,,,,,,,0.0,,,,0.5,,,,,0.5,0,insufficient,insufficient,insufficient,none,insufficient,Fewer than 8 recent matches; behavior is insufficient.; No recent match date available.; Opponent Elo missing for recent matches; schedule strength unknown.; Residual coverage is 0%; residual behavior is unreliable.,Fewer than 8 recent matches; behavior is insufficient.,No recent match date available.,,,,,,0.0,0,0,unknown,Opponent Elo missing for recent matches; schedule strength unknown.,,Residual coverage is 0%; residual behavior is unreliable.,,2026-06-25T22:09:13+00:00
Crimea,2026-06-27,2022-06-27,2026-06-27,5,0,,,calibrated_4y_40m_hl365,0,,,,,,,,1.4,2.2,0.5,0.5,0.5,0.5,0.5,0.5,0.5,0.5,0.5,0.5,0.5,0.5,0.5,0.5,0.5,0.5,,,,,,,,0.0,,,,0.5,,,,,0.5,0,insufficient,insufficient,insufficient,none,insufficient,Fewer than 8 recent matches; behavior is insufficient.; No recent match date available.; Opponent Elo missing for recent matches; schedule strength unknown.; Residual coverage is 0%; residual behavior is unreliable.,Fewer than 8 recent matches; behavior is insufficient.,No recent match date available.,,,,,,0.0,0,0,unknown,Opponent Elo missing for recent matches; schedule strength unknown.,,Residual coverage is 0%; residual behavior is unreliable.,,2026-06-25T22:09:13+00:00
Croatia,2026-06-27,2022-06-27,2026-06-27,398,40,2022-12-17,2026-06-17,calibrated_4y_40m_hl365,40,2.123,1.973,2.123,1.431,1.721,1.431,0.692,1.739,1.025,0.703,0.764,0.835,0.835,0.56,0.638,0.56,0.703,0.367,0.37,0.44,0.44,0.359,0.32,0.359,0.367,0.181,0.413,0.181,0.422,0.539,0.422,-0.072,1.0,0.932,0.327,0.527,0.534,0.604,0.722,0.297,0.153,0.5,0,high,high,high,none,high,Recent schedule skews toward strong opponents.; Attack index increased after opponent-quality adjustment. Defense index increased after opponent-quality adjustment.; Defense boosted by opponent adjustment but goals-against residual is poor. Schedule strength may be misleading; residuals do not support the full opponent boost.,,,,1728.036,1747.816,1142.833,2035.409,1.0,27,3,strong,Recent schedule skews toward strong opponents.,Attack index increased after opponent-quality adjustment. Defense index increased after opponent-quality adjustment.,Defense boosted by opponent adjustment but goals-against residual is poor. Schedule strength may be misleading; residuals do not support the full opponent boost.,,2026-06-25T22:09:13+00:00
Cuba,2026-06-27,2022-06-27,2026-06-27,397,34,2022-11-16,2026-03-29,calibrated_4y_40m_hl365,34,1.187,1.249,1.187,1.483,1.483,1.483,-0.296,1.34,1.524,0.512,0.529,0.506,0.506,0.473,0.483,0.473,0.512,0.446,0.412,0.403,0.403,0.528,0.439,0.528,0.446,-0.082,-0.051,-0.082,-0.084,0.183,-0.084,0.004,1.0,0.914,0.318,0.281,0.347,0.477,0.584,0.304,0.238,0.5,0,high,high,high,none,high,,,,,1497.315,1499.639,1179.544,1906.2,1.0,4,6,average,,,,,2026-06-25T22:09:13+00:00
Curaçao,2026-06-27,2022-06-27,2026-06-27,386,37,2022-09-24,2026-06-14,calibrated_4y_40m_hl365,37,1.611,1.617,1.611,1.446,1.477,1.446,0.165,1.648,1.593,0.562,0.592,0.6,0.6,0.492,0.672,0.492,0.562,0.485,0.456,0.469,0.469,0.552,0.337,0.552,0.485,-0.023,0.515,-0.023,-0.157,0.488,-0.157,0.039,1.0,0.814,0.289,0.333,0.426,0.514,0.572,0.392,0.244,0.5,0,high,high,high,none,high,Schedule strength may be misleading; residuals do not support the full opponent boost.,,,,1528.092,1521.829,1207.05,2058.992,1.0,8,10,average,,,Schedule strength may be misleading; residuals do not support the full opponent boost.,,2026-06-25T22:09:13+00:00
Cyprus,2026-06-27,2022-06-27,2026-06-27,426,38,2022-09-24,2026-06-07,calibrated_4y_40m_hl365,38,1.179,1.299,1.179,1.593,1.699,1.593,-0.415,0.88,2.176,0.525,0.527,0.487,0.487,0.52,0.528,0.52,0.525,0.375,0.312,0.327,0.327,0.521,0.481,0.521,0.375,0.061,0.085,0.061,-0.063,0.058,-0.063,0.043,1.0,0.924,0.316,0.294,0.301,0.439,0.561,0.154,0.364,0.5,0,high,high,high,none,high,Attack index reduced after opponent-quality adjustment.,,,,1541.598,1561.359,917.813,1997.673,1.0,13,5,average,,Attack index reduced after opponent-quality adjustment.,,,2026-06-25T22:09:13+00:00
Czechia,2026-06-27,2022-06-27,2026-06-27,363,40,2023-03-24,2026-06-18,calibrated_4y_40m_hl365,40,1.714,1.604,1.714,1.172,1.315,1.172,0.541,1.78,1.028,0.616,0.666,0.709,0.709,0.499,0.569,0.499,0.616,0.447,0.425,0.465,0.465,0.497,0.476,0.497,0.447,-0.003,0.207,-0.003,0.009,0.073,0.009,-0.07,1.0,0.934,0.263,0.286,0.439,0.749,0.675,0.237,0.065,0.5,0,high,high,high,none,high,Attack index increased after opponent-quality adjustment. Defense index increased after opponent-quality adjustment.; Schedule strength may be misleading; residuals do not support the full opponent boost.,,,,1592.432,1635.008,937.731,1973.894,1.0,13,8,average,,Attack index increased after opponent-quality adjustment. Defense index increased after opponent-quality adjustment.,Schedule strength may be misleading; residuals do not support the full opponent boost.,,2026-06-25T22:09:13+00:00
Czechoslovakia,2026-06-27,2022-06-27,2026-06-27,520,0,,,calibrated_4y_40m_hl365,0,,,,,,,,1.892,1.387,0.5,0.5,0.5,0.5,0.5,0.5,0.5,0.5,0.5,0.5,0.5,0.5,0.5,0.5,0.5,0.5,,,,,,,,0.0,,,,0.5,,,,,0.5,0,insufficient,insufficient,insufficient,none,insufficient,Fewer than 8 recent matches; behavior is insufficient.; No recent match date available.; Opponent Elo missing for recent matches; schedule strength unknown.; Residual coverage is 0%; residual behavior is unreliable.,Fewer than 8 recent matches; behavior is insufficient.,No recent match date available.,,,,,,0.0,0,0,unknown,Opponent Elo missing for recent matches; schedule strength unknown.,,Residual coverage is 0%; residual behavior is unreliable.,,2026-06-25T22:09:13+00:00
DR Congo,2026-06-27,2022-06-27,2026-06-27,526,40,2023-10-17,2026-06-17,calibrated_4y_40m_hl365,40,1.302,1.232,1.302,0.572,0.659,0.572,0.73,1.485,1.196,0.509,0.538,0.576,0.576,0.441,0.456,0.441,0.509,0.717,0.703,0.725,0.725,0.748,0.747,0.748,0.717,-0.176,-0.132,-0.176,-0.745,-0.74,-0.745,0.188,1.0,0.98,0.26,0.292,0.592,0.472,0.179,0.479,0.109,0.5,0,high,high,high,none,high,Attack index increased after opponent-quality adjustment.; Attack boosted by opponent adjustment but goal residual is negative. Schedule strength may be misleading; residuals do not support the full opponent boost.,,,,1593.907,1555.295,1293.948,1965.935,1.0,11,3,average,,Attack index increased after opponent-quality adjustment.,Attack boosted by opponent adjustment but goal residual is negative. Schedule strength may be misleading; residuals do not support the full opponent boost.,,2026-06-25T22:09:13+00:00
Darfur,2026-06-27,2022-06-27,2026-06-27,7,0,,,calibrated_4y_40m_hl365,0,,,,,,,,0.143,14.143,0.5,0.5,0.5,0.5,0.5,0.5,0.5,0.5,0.5,0.5,0.5,0.5,0.5,0.5,0.5,0.5,,,,,,,,0.0,,,,0.5,,,,,0.5,0,insufficient,insufficient,insufficient,none,insufficient,Fewer than 8 recent matches; behavior is insufficient.; No recent match date available.; Opponent Elo missing for recent matches; schedule strength unknown.; Residual coverage is 0%; residual behavior is unreliable.,Fewer than 8 recent matches; behavior is insufficient.,No recent match date available.,,,,,,0.0,0,0,unknown,Opponent Elo missing for recent matches; schedule strength unknown.,,Residual coverage is 0%; residual behavior is unreliable.,,2026-06-25T22:09:13+00:00
Denmark,2026-06-27,2022-06-27,2026-06-27,874,40,2022-11-26,2026-06-07,calibrated_4y_40m_hl365,40,2.172,2.005,2.172,0.966,1.068,0.966,1.206,1.816,1.342,0.701,0.762,0.835,0.835,0.559,0.668,0.559,0.701,0.558,0.565,0.606,0.606,0.541,0.523,0.541,0.558,0.177,0.504,0.177,-0.124,-0.07,-0.124,-0.015,1.0,0.903,0.32,0.327,0.619,0.504,0.694,0.494,0.188,0.5,0,high,high,high,none,high,Recent schedule skews toward strong opponents.; Attack index increased after opponent-quality adjustment. Defense index increased after opponent-quality adjustment.; Schedule strength may be misleading; residuals do not support the full opponent boost.,,,,1682.124,1727.036,915.243,2084.572,1.0,24,4,strong,Recent schedule skews toward strong opponents.,Attack index increased after opponent-quality adjustment. Defense index increased after opponent-quality adjustment.,Schedule strength may be misleading; residuals do not support the full opponent boost.,,2026-06-25T22:09:13+00:00
Djibouti,2026-06-27,2022-06-27,2026-06-27,111,16,2023-06-14,2025-11-26,calibrated_4y_40m_hl365,16,0.426,0.445,0.426,2.477,2.523,2.477,-2.051,0.667,3.613,0.254,0.207,0.2,0.2,0.363,0.362,0.363,0.254,0.181,0.065,0.076,0.076,0.452,0.228,0.452,0.181,-0.411,-0.414,-0.411,0.144,0.816,0.144,-0.047,1.0,0.839,0.607,0.587,0.024,0.407,0.65,0.02,0.593,0.5,0,moderate,moderate,moderate,none,moderate,Recent goals-against differs from all-time by -1.14.; Defense boosted by opponent adjustment but goals-against residual is poor. Large raw-vs-residual defense disagreement.; Attack residuals are concentrated in the top 3 matches (61%).,,,,1470.192,1444.141,1102.306,1757.41,1.0,2,2,average,,,Defense boosted by opponent adjustment but goals-against residual is poor. Large raw-vs-residual defense disagreement.,Attack residuals are concentrated in the top 3 matches (61%).,2026-06-25T22:09:13+00:00
Dominica,2026-06-27,2022-06-27,2026-06-27,215,21,2023-03-27,2026-03-30,calibrated_4y_40m_hl365,21,0.768,0.898,0.768,1.89,1.802,1.89,-1.122,1.163,2.028,0.383,0.38,0.328,0.328,0.389,0.394,0.389,0.383,0.377,0.332,0.291,0.291,0.482,0.316,0.482,0.377,-0.332,-0.319,-0.332,0.053,0.553,0.053,-0.098,1.0,0.891,0.449,0.448,0.178,0.383,0.581,0.282,0.508,0.5,0,moderate,moderate,moderate,none,moderate,Recent schedule skews toward weak opponents.; Attack index reduced after opponent-quality adjustment. Defense index reduced after opponent-quality adjustment.,,,,1313.778,1309.705,1040.427,1702.468,1.0,1,13,weak,Recent schedule skews toward weak opponents.,Attack index reduced after opponent-quality adjustment. Defense index reduced after opponent-quality adjustment.,,,2026-06-25T22:09:13+00:00
Dominican Republic,2026-06-27,2022-06-27,2026-06-27,159,35,2022-11-16,2026-06-03,calibrated_4y_40m_hl365,35,1.795,1.79,1.795,1.292,1.386,1.292,0.503,1.673,1.597,0.658,0.691,0.683,0.683,0.58,0.726,0.58,0.658,0.481,0.463,0.477,0.477,0.525,0.517,0.525,0.481,0.241,0.678,0.241,-0.074,-0.05,-0.074,0.009,1.0,0.905,0.279,0.326,0.411,0.53,0.606,0.347,0.222,0.5,0,high,high,high,none,high,,,,,1455.186,1395.83,1060.906,1895.781,1.0,7,12,average,,,,,2026-06-25T22:09:13+00:00
Donetsk PR,2026-06-27,2022-06-27,2026-06-27,6,0,,,calibrated_4y_40m_hl365,0,,,,,,,,1.333,1.167,0.5,0.5,0.5,0.5,0.5,0.5,0.5,0.5,0.5,0.5,0.5,0.5,0.5,0.5,0.5,0.5,,,,,,,,0.0,,,,0.5,,,,,0.5,0,insufficient,insufficient,insufficient,none,insufficient,Fewer than 8 recent matches; behavior is insufficient.; No recent match date available.; Opponent Elo missing for recent matches; schedule strength unknown.; Residual coverage is 0%; residual behavior is unreliable.,Fewer than 8 recent matches; behavior is insufficient.,No recent match date available.,,,,,,0.0,0,0,unknown,Opponent Elo missing for recent matches; schedule strength unknown.,,Residual coverage is 0%; residual behavior is unreliable.,,2026-06-25T22:09:13+00:00
Délvidék,2026-06-27,2022-06-27,2026-06-27,2,0,,,calibrated_4y_40m_hl365,0,,,,,,,,2.0,1.5,0.5,0.5,0.5,0.5,0.5,0.5,0.5,0.5,0.5,0.5,0.5,0.5,0.5,0.5,0.5,0.5,,,,,,,,0.0,,,,0.5,,,,,0.5,0,insufficient,insufficient,insufficient,none,insufficient,Fewer than 8 recent matches; behavior is insufficient.; No recent match date available.; Opponent Elo missing for recent matches; schedule strength unknown.; Residual coverage is 0%; residual behavior is unreliable.,Fewer than 8 recent matches; behavior is insufficient.,No recent match date available.,,,,,,0.0,0,0,unknown,Opponent Elo missing for recent matches; schedule strength unknown.,,Residual coverage is 0%; residual behavior is unreliable.,,2026-06-25T22:09:13+00:00
East Turkestan,2026-06-27,2022-06-27,2026-06-27,5,3,2025-07-02,2025-07-04,calibrated_4y_40m_hl365,3,1.671,1.666,1.671,3.326,3.335,3.326,-1.655,3.0,3.2,0.577,0.568,0.552,0.552,0.597,0.814,0.597,0.577,0.02,0.0,0.0,0.0,0.067,0.0,0.067,0.02,0.29,0.941,0.29,1.3,2.348,1.3,-0.149,1.0,0.85,1.0,1.0,0.257,0.666,1.0,0.0,0.334,0.5,0,insufficient,insufficient,insufficient,none,insufficient,Fewer than 8 recent matches; behavior is insufficient.; Recent goals-for differs from all-time by -1.33.; Attack residuals are concentrated in the top 3 matches (100%). Defense residuals are concentrated in the top 3 matches (100%).,Fewer than 8 recent matches; behavior is insufficient.,,,1464.31,1523.4,1338.063,1531.466,1.0,0,1,average,,,,Attack residuals are concentrated in the top 3 matches (100%). Defense residuals are concentrated in the top 3 matches (100%).,2026-06-25T22:09:13+00:00
Ecuador,2026-06-27,2022-06-27,2026-06-27,592,40,2023-03-24,2026-06-14,calibrated_4y_40m_hl365,40,0.982,0.864,0.982,0.431,0.509,0.431,0.551,1.211,1.527,0.335,0.362,0.416,0.416,0.271,0.292,0.271,0.335,0.756,0.76,0.802,0.802,0.746,0.748,0.746,0.756,-0.687,-0.624,-0.687,-0.738,-0.744,-0.738,-0.022,1.0,0.977,0.437,0.311,0.519,0.284,0.217,0.606,0.492,0.5,0,high,high,high,none,high,Recent goals-against differs from all-time by -1.10.; Recent schedule skews toward strong opponents.; Attack index increased after opponent-quality adjustment. Defense index increased after opponent-quality adjustment.; Attack boosted by opponent adjustment but goal residual is negative. Schedule strength may be misleading; residuals do not support the full opponent boost.,,,,1814.442,1792.888,1598.467,2086.96,1.0,31,0,strong,Recent schedule skews toward strong opponents.,Attack index increased after opponent-quality adjustment. Defense index increased after opponent-quality adjustment.,Attack boosted by opponent adjustment but goal residual is negative. Schedule strength may be misleading; residuals do not support the full opponent boost.,,2026-06-25T22:09:13+00:00
Egypt,2026-06-27,2022-06-27,2026-06-27,757,40,2023-11-16,2026-06-15,calibrated_4y_40m_hl365,40,1.318,1.287,1.318,0.652,0.737,0.652,0.666,1.62,1.013,0.486,0.531,0.548,0.548,0.382,0.406,0.382,0.486,0.669,0.672,0.696,0.696,0.662,0.662,0.662,0.669,-0.355,-0.282,-0.355,-0.487,-0.485,-0.487,0.035,1.0,0.96,0.253,0.228,0.566,0.426,0.305,0.479,0.246,0.5,0,high,high,high,none,high,Attack boosted by opponent adjustment but goal residual is negative. Schedule strength may be misleading; residuals do not support the full opponent boost.,,,,1590.224,1586.207,1106.492,2104.389,1.0,10,2,average,,,Attack boosted by opponent adjustment but goal residual is negative. Schedule strength may be misleading; residuals do not support the full opponent boost.,,2026-06-25T22:09:13+00:00
El Salvador,2026-06-27,2022-06-27,2026-06-27,614,40,2023-06-20,2026-06-06,calibrated_4y_40m_hl365,40,0.709,0.761,0.709,1.205,1.283,1.205,-0.496,1.248,1.52,0.32,0.322,0.304,0.304,0.315,0.316,0.315,0.32,0.508,0.469,0.487,0.487,0.6,0.559,0.6,0.508,-0.555,-0.551,-0.555,-0.299,-0.178,-0.299,-0.03,1.0,0.942,0.24,0.281,0.314,0.285,0.382,0.307,0.516,0.5,0,high,high,high,none,high,,,,,1549.335,1553.557,997.257,2072.769,1.0,9,9,average,,,,,2026-06-25T22:09:13+00:00
Elba Island,2026-06-27,2022-06-27,2026-06-27,2,1,2022-07-16,2022-07-16,calibrated_4y_40m_hl365,1,4.0,4.0,4.0,0.0,0.0,0.0,4.0,4.5,1.0,1.0,1.0,0.957,0.957,1.0,1.0,1.0,1.0,0.967,1.0,0.977,0.977,0.889,0.889,0.889,0.967,1.75,3.44,1.75,-1.168,-1.168,-1.168,0.279,1.0,0.55,1.0,1.0,0.938,0.0,1.0,0.923,0.0,0.5,0,insufficient,insufficient,insufficient,none,insufficient,Fewer than 8 recent matches; behavior is insufficient.; Latest match is 1442 days before reference date.; Recent goals-against differs from all-time by -1.00.; Recent schedule skews toward weak opponents.; Attack index reduced after opponent-quality adjustment.; Attack residuals are concentrated in the top 3 matches (100%). Defense residuals are concentrated in the top 3 matches (100%).,Fewer than 8 recent matches; behavior is insufficient.,Latest match is 1442 days before reference date.,,1376.058,1376.058,1376.058,1376.058,1.0,0,0,weak,Recent schedule skews toward weak opponents.,Attack index reduced after opponent-quality adjustment.,,Attack residuals are concentrated in the top 3 matches (100%). Defense residuals are concentrated in the top 3 matches (100%).,2026-06-25T22:09:13+00:00
Ellan Vannin,2026-06-27,2022-06-27,2026-06-27,22,0,,,calibrated_4y_40m_hl365,0,,,,,,,,2.455,1.455,0.5,0.5,0.5,0.5,0.5,0.5,0.5,0.5,0.5,0.5,0.5,0.5,0.5,0.5,0.5,0.5,,,,,,,,0.0,,,,0.5,,,,,0.5,0,insufficient,insufficient,insufficient,none,insufficient,Fewer than 8 recent matches; behavior is insufficient.; No recent match date available.; Opponent Elo missing for recent matches; schedule strength unknown.; Residual coverage is 0%; residual behavior is unreliable.,Fewer than 8 recent matches; behavior is insufficient.,No recent match date available.,,,,,,0.0,0,0,unknown,Opponent Elo missing for recent matches; schedule strength unknown.,,Residual coverage is 0%; residual behavior is unreliable.,,2026-06-25T22:09:13+00:00
England,2026-06-27,2022-06-27,2026-06-27,1092,40,2023-06-19,2026-06-17,calibrated_4y_40m_hl365,40,2.635,2.548,2.635,0.634,0.778,0.634,2.001,2.188,0.957,0.821,0.903,0.957,0.957,0.629,0.753,0.629,0.821,0.623,0.65,0.697,0.697,0.561,0.579,0.561,0.623,0.388,0.758,0.388,-0.183,-0.237,-0.183,0.079,1.0,0.921,0.499,0.382,0.889,0.426,0.571,0.558,0.054,0.5,0,high,high,high,none,high,Recent schedule skews toward strong opponents.; Attack index increased after opponent-quality adjustment. Defense index increased after opponent-quality adjustment.; Large raw-vs-residual attack disagreement. Schedule strength may be misleading; residuals do not support the full opponent boost.,,,,1708.539,1745.634,1140.824,2061.973,1.0,25,4,strong,Recent schedule skews toward strong opponents.,Attack index increased after opponent-quality adjustment. Defense index increased after opponent-quality adjustment.,Large raw-vs-residual attack disagreement. Schedule strength may be misleading; residuals do not support the full opponent boost.,,2026-06-25T22:09:13+00:00
Equatorial Guinea,2026-06-27,2022-06-27,2026-06-27,179,39,2022-09-23,2026-06-09,calibrated_4y_40m_hl365,39,0.837,0.878,0.837,1.386,1.395,1.386,-0.549,0.872,1.464,0.368,0.378,0.365,0.365,0.343,0.342,0.343,0.368,0.441,0.408,0.408,0.408,0.517,0.502,0.517,0.441,-0.471,-0.473,-0.471,-0.052,-0.006,-0.052,-0.128,1.0,0.967,0.322,0.29,0.293,0.45,0.375,0.168,0.401,0.5,0,high,high,high,none,high,,,,,1508.637,1476.522,1110.258,1804.007,1.0,8,4,average,,,,,2026-06-25T22:09:13+00:00
Eritrea,2026-06-27,2022-06-27,2026-06-27,71,0,,,calibrated_4y_40m_hl365,0,,,,,,,,0.676,1.704,0.5,0.5,0.5,0.5,0.5,0.5,0.5,0.5,0.5,0.5,0.5,0.5,0.5,0.5,0.5,0.5,,,,,,,,0.0,,,,0.5,,,,,0.5,0,insufficient,insufficient,insufficient,none,insufficient,Fewer than 8 recent matches; behavior is insufficient.; No recent match date available.; Opponent Elo missing for recent matches; schedule strength unknown.; Residual coverage is 0%; residual behavior is unreliable.,Fewer than 8 recent matches; behavior is insufficient.,No recent match date available.,,,,,,0.0,0,0,unknown,Opponent Elo missing for recent matches; schedule strength unknown.,,Residual coverage is 0%; residual behavior is unreliable.,,2026-06-25T22:09:13+00:00
Estonia,2026-06-27,2022-06-27,2026-06-27,550,40,2022-11-16,2026-06-09,calibrated_4y_40m_hl365,40,0.871,0.882,0.871,1.671,1.778,1.671,-0.8,0.989,1.771,0.384,0.378,0.376,0.376,0.399,0.406,0.399,0.384,0.374,0.32,0.345,0.345,0.5,0.43,0.5,0.374,-0.304,-0.282,-0.304,0.0,0.209,0.0,0.019,1.0,0.928,0.306,0.365,0.287,0.487,0.451,0.193,0.343,0.5,0,high,high,high,none,high,Recent schedule skews toward strong opponents.,,,,1595.537,1609.179,1140.563,1981.492,1.0,17,5,strong,Recent schedule skews toward strong opponents.,,,,2026-06-25T22:09:13+00:00
Eswatini,2026-06-27,2022-06-27,2026-06-27,274,32,2022-07-06,2025-10-13,calibrated_4y_40m_hl365,32,0.631,0.683,0.631,1.944,1.967,1.944,-1.313,0.843,1.661,0.311,0.284,0.265,0.265,0.375,0.362,0.375,0.311,0.283,0.216,0.224,0.224,0.437,0.394,0.437,0.283,-0.374,-0.413,-0.374,0.188,0.318,0.188,-0.046,1.0,0.912,0.399,0.428,0.124,0.332,0.575,0.121,0.644,0.5,0,moderate,moderate,moderate,none,moderate,Defense boosted by opponent adjustment but goals-against residual is poor.,,,,1498.769,1508.059,1092.059,1786.459,1.0,3,5,average,,,Defense boosted by opponent adjustment but goals-against residual is poor.,,2026-06-25T22:09:13+00:00
Ethiopia,2026-06-27,2022-06-27,2026-06-27,409,27,2022-09-26,2026-06-09,calibrated_4y_40m_hl365,27,0.785,0.791,0.785,1.403,1.453,1.403,-0.619,1.342,1.455,0.331,0.335,0.323,0.323,0.324,0.393,0.324,0.331,0.441,0.397,0.411,0.411,0.543,0.525,0.543,0.441,-0.529,-0.321,-0.529,-0.128,-0.075,-0.128,-0.001,1.0,0.954,0.386,0.519,0.318,0.361,0.296,0.259,0.445,0.5,0,high,high,high,none,high,,,,,1487.109,1461.202,1115.47,1758.87,1.0,3,2,average,,,,,2026-06-25T22:09:13+00:00
Falkland Islands,2026-06-27,2022-06-27,2026-06-27,33,4,2023-07-09,2023-07-13,calibrated_4y_40m_hl365,4,0.762,0.751,0.762,2.927,2.997,2.927,-2.165,0.939,3.667,0.378,0.363,0.368,0.368,0.413,0.412,0.413,0.378,0.116,0.061,0.07,0.07,0.245,0.021,0.245,0.116,-0.261,-0.263,-0.261,0.765,1.438,0.765,-0.068,1.0,0.768,0.985,0.813,0.046,0.751,0.748,0.0,0.249,0.5,0,insufficient,insufficient,insufficient,none,insufficient,Fewer than 8 recent matches; behavior is insufficient.; Latest match is 1080 days before reference date.; Attack boosted by opponent adjustment but goal residual is negative. Defense boosted by opponent adjustment but goals-against residual is poor.; Attack residuals are concentrated in the top 3 matches (98%). Defense residuals are concentrated in the top 3 matches (81%).,Fewer than 8 recent matches; behavior is insufficient.,Latest match is 1080 days before reference date.,,1559.384,1543.678,1483.656,1666.524,1.0,0,0,average,,,Attack boosted by opponent adjustment but goal residual is negative. Defense boosted by opponent adjustment but goals-against residual is poor.,Attack residuals are concentrated in the top 3 matches (98%). Defense residuals are concentrated in the top 3 matches (81%).,2026-06-25T22:09:13+00:00
Faroe Islands,2026-06-27,2022-06-27,2026-06-27,287,37,2022-09-22,2026-06-09,calibrated_4y_40m_hl365,37,1.044,1.07,1.044,0.957,1.019,0.957,0.086,0.836,2.244,0.441,0.45,0.44,0.44,0.42,0.469,0.42,0.441,0.611,0.562,0.572,0.572,0.726,0.73,0.726,0.611,-0.239,-0.093,-0.239,-0.678,-0.689,-0.678,0.17,1.0,0.963,0.406,0.36,0.447,0.372,0.408,0.275,0.342,0.5,0,high,high,high,none,high,Recent goals-against differs from all-time by -1.29.,,,,1529.972,1554.467,936.757,1898.279,1.0,12,8,average,,,,,2026-06-25T22:09:13+00:00
Felvidék,2026-06-27,2022-06-27,2026-06-27,12,0,,,calibrated_4y_40m_hl365,0,,,,,,,,1.167,1.667,0.5,0.5,0.5,0.5,0.5,0.5,0.5,0.5,0.5,0.5,0.5,0.5,0.5,0.5,0.5,0.5,,,,,,,,0.0,,,,0.5,,,,,0.5,0,insufficient,insufficient,insufficient,none,insufficient,Fewer than 8 recent matches; behavior is insufficient.; No recent match date available.; Opponent Elo missing for recent matches; schedule strength unknown.; Residual coverage is 0%; residual behavior is unreliable.,Fewer than 8 recent matches; behavior is insufficient.,No recent match date available.,,,,,,0.0,0,0,unknown,Opponent Elo missing for recent matches; schedule strength unknown.,,Residual coverage is 0%; residual behavior is unreliable.,,2026-06-25T22:09:13+00:00
Fiji,2026-06-27,2022-06-27,2026-06-27,268,31,2022-09-17,2026-06-06,calibrated_4y_40m_hl365,31,1.026,1.031,1.026,1.883,1.863,1.883,-0.857,2.269,1.638,0.385,0.403,0.397,0.397,0.345,0.451,0.345,0.385,0.294,0.259,0.255,0.255,0.375,0.148,0.375,0.294,-0.465,-0.146,-0.465,0.374,1.057,0.374,-0.218,1.0,0.888,0.366,0.303,0.28,0.464,0.541,0.14,0.409,0.5,0,high,high,high,none,high,Recent goals-for differs from all-time by -1.24.,,,,1494.797,1518.722,1114.523,1766.46,1.0,1,3,average,,,,,2026-06-25T22:09:13+00:00
Finland,2026-06-27,2022-06-27,2026-06-27,818,40,2022-09-23,2026-06-05,calibrated_4y_40m_hl365,40,1.068,1.047,1.068,1.486,1.681,1.486,-0.419,1.174,2.048,0.437,0.452,0.465,0.465,0.401,0.407,0.401,0.437,0.38,0.341,0.392,0.392,0.471,0.431,0.471,0.38,-0.296,-0.28,-0.296,0.087,0.206,0.087,-0.048,1.0,0.92,0.354,0.398,0.344,0.449,0.562,0.186,0.366,0.5,0,high,high,high,none,high,Recent schedule skews toward strong opponents.; Defense index increased after opponent-quality adjustment.; Attack boosted by opponent adjustment but goal residual is negative. Defense boosted by opponent adjustment but goals-against residual is poor. Schedule strength may be misleading; residuals do not support the full opponent boost.,,,,1623.242,1663.651,914.041,1979.835,1.0,19,7,strong,Recent schedule skews toward strong opponents.,Defense index increased after opponent-quality adjustment.,Attack boosted by opponent adjustment but goal residual is negative. Defense boosted by opponent adjustment but goals-against residual is poor. Schedule strength may be misleading; residuals do not support the full opponent boost.,,2026-06-25T22:09:13+00:00
France,2026-06-27,2022-06-27,2026-06-27,936,40,2023-03-27,2026-06-16,calibrated_4y_40m_hl365,40,2.532,2.297,2.532,0.82,0.917,0.82,1.712,1.835,1.293,0.784,0.861,0.952,0.952,0.603,0.661,0.603,0.784,0.576,0.597,0.636,0.636,0.527,0.52,0.527,0.576,0.309,0.484,0.309,-0.082,-0.06,-0.082,0.014,1.0,0.949,0.366,0.268,0.817,0.611,0.729,0.41,0.085,0.5,0,high,high,high,none,high,Recent schedule skews toward strong opponents.; Attack index increased after opponent-quality adjustment. Defense index increased after opponent-quality adjustment.; Large raw-vs-residual attack disagreement. Schedule strength may be misleading; residuals do not support the full opponent boost.,,,,1761.105,1790.685,1181.715,2083.833,1.0,27,2,strong,Recent schedule skews toward strong opponents.,Attack index increased after opponent-quality adjustment. Defense index increased after opponent-quality adjustment.,Large raw-vs-residual attack disagreement. Schedule strength may be misleading; residuals do not support the full opponent boost.,,2026-06-25T22:09:13+00:00
Franconia,2026-06-27,2022-06-27,2026-06-27,3,0,,,calibrated_4y_40m_hl365,0,,,,,,,,2.667,3.667,0.5,0.5,0.5,0.5,0.5,0.5,0.5,0.5,0.5,0.5,0.5,0.5,0.5,0.5,0.5,0.5,,,,,,,,0.0,,,,0.5,,,,,0.5,0,insufficient,insufficient,insufficient,none,insufficient,Fewer than 8 recent matches; behavior is insufficient.; No recent match date available.; Opponent Elo missing for recent matches; schedule strength unknown.; Residual coverage is 0%; residual behavior is unreliable.,Fewer than 8 recent matches; behavior is insufficient.,No recent match date available.,,,,,,0.0,0,0,unknown,Opponent Elo missing for recent matches; schedule strength unknown.,,Residual coverage is 0%; residual behavior is unreliable.,,2026-06-25T22:09:13+00:00
French Guiana,2026-06-27,2022-06-27,2026-06-27,179,16,2023-03-23,2024-11-19,calibrated_4y_40m_hl365,16,1.313,1.4,1.313,1.7,1.626,1.7,-0.387,1.492,1.709,0.531,0.564,0.532,0.532,0.453,0.484,0.453,0.531,0.347,0.331,0.309,0.309,0.385,0.384,0.385,0.347,-0.142,-0.049,-0.142,0.345,0.348,0.345,-0.256,1.0,0.959,0.347,0.519,0.25,0.626,0.63,0.175,0.33,0.5,0,low,low,low,none,low,Latest match is 585 days before reference date.; Recent schedule skews toward weak opponents.; Attack index reduced after opponent-quality adjustment.,,Latest match is 585 days before reference date.,,1408.526,1402.479,1277.779,1614.054,1.0,0,7,weak,Recent schedule skews toward weak opponents.,Attack index reduced after opponent-quality adjustment.,,,2026-06-25T22:09:13+00:00
Frøya,2026-06-27,2022-06-27,2026-06-27,37,7,2023-07-10,2025-07-17,calibrated_4y_40m_hl365,7,0.421,0.41,0.421,3.511,3.393,3.511,-3.09,1.622,3.946,0.193,0.174,0.181,0.181,0.239,0.243,0.239,0.193,0.0,0.0,0.0,0.0,0.0,0.0,0.0,0.0,-0.782,-0.77,-0.782,1.517,3.638,1.517,-0.298,1.0,0.678,0.83,0.716,0.023,0.288,0.97,0.0,0.712,0.5,0,insufficient,insufficient,insufficient,none,insufficient,Fewer than 8 recent matches; behavior is insufficient.; Recent goals-for differs from all-time by -1.20.; Recent schedule skews toward weak opponents.; Attack boosted by opponent adjustment but goal residual is negative.; Attack residuals are concentrated in the top 3 matches (83%). Defense residuals are concentrated in the top 3 matches (72%).,Fewer than 8 recent matches; behavior is insufficient.,,,1439.269,1392.145,1354.85,1653.856,1.0,0,0,weak,Recent schedule skews toward weak opponents.,,Attack boosted by opponent adjustment but goal residual is negative.,Attack residuals are concentrated in the top 3 matches (83%). Defense residuals are concentrated in the top 3 matches (72%).,2026-06-25T22:09:13+00:00
Gabon,2026-06-27,2022-06-27,2026-06-27,405,33,2022-11-17,2026-03-30,calibrated_4y_40m_hl365,33,1.705,1.769,1.705,1.602,1.716,1.602,0.102,1.178,1.195,0.665,0.701,0.685,0.685,0.581,0.609,0.581,0.665,0.379,0.368,0.389,0.389,0.406,0.364,0.406,0.379,0.242,0.326,0.242,0.283,0.408,0.283,-0.045,1.0,0.93,0.37,0.31,0.432,0.575,0.674,0.305,0.174,0.5,0,high,high,high,none,high,Defense boosted by opponent adjustment but goals-against residual is poor.,,,,1511.118,1473.537,1088.878,1853.907,1.0,7,2,average,,,Defense boosted by opponent adjustment but goals-against residual is poor.,,2026-06-25T22:09:13+00:00
Galicia,2026-06-27,2022-06-27,2026-06-27,12,1,2024-05-21,2024-05-21,calibrated_4y_40m_hl365,1,0.0,0.0,0.0,1.715,2.0,1.715,-1.715,1.75,1.917,0.046,0.0,0.0,0.0,0.154,0.154,0.154,0.046,0.195,0.1,0.186,0.186,0.418,0.418,0.418,0.195,-1.039,-1.039,-1.039,0.246,0.246,0.246,-0.24,1.0,1.0,1.0,1.0,0.014,0.0,0.0,0.0,1.0,0.5,0,insufficient,insufficient,insufficient,none,insufficient,Fewer than 8 recent matches; behavior is insufficient.; Latest match is 767 days before reference date.; Recent goals-for differs from all-time by -1.75.; Recent schedule skews toward strong opponents.; Defense index increased after opponent-quality adjustment.; Defense boosted by opponent adjustment but goals-against residual is poor. Large raw-vs-residual defense disagreement.; Attack residuals are concentrated in the top 3 matches (100%). Defense residuals are concentrated in the top 3 matches (100%).,Fewer than 8 recent matches; behavior is insufficient.,Latest match is 767 days before reference date.,,1765.582,1765.582,1765.582,1765.582,1.0,1,0,strong,Recent schedule skews toward strong opponents.,Defense index increased after opponent-quality adjustment.,Defense boosted by opponent adjustment but goals-against residual is poor. Large raw-vs-residual defense disagreement.,Attack residuals are concentrated in the top 3 matches (100%). Defense residuals are concentrated in the top 3 matches (100%).,2026-06-25T22:09:13+00:00
Gambia,2026-06-27,2022-06-27,2026-06-27,266,29,2022-11-20,2026-05-29,calibrated_4y_40m_hl365,29,2.007,1.975,2.007,1.569,1.67,1.569,0.438,1.049,1.391,0.736,0.755,0.754,0.754,0.692,0.824,0.692,0.736,0.384,0.36,0.38,0.38,0.439,0.43,0.439,0.384,0.576,0.972,0.576,0.182,0.21,0.182,0.046,1.0,0.943,0.489,0.402,0.439,0.655,0.69,0.222,0.101,0.5,0,high,high,high,none,high,Recent goals-for differs from all-time by +0.96.; Defense boosted by opponent adjustment but goals-against residual is poor.,,,,1539.822,1516.415,1077.165,1846.89,1.0,7,3,average,,,Defense boosted by opponent adjustment but goals-against residual is poor.,,2026-06-25T22:09:13+00:00
Georgia,2026-06-27,2022-06-27,2026-06-27,307,40,2022-09-23,2026-06-05,calibrated_4y_40m_hl365,40,1.507,1.434,1.507,1.419,1.642,1.419,0.088,1.248,1.404,0.565,0.591,0.627,0.627,0.504,0.559,0.504,0.565,0.403,0.372,0.43,0.43,0.475,0.429,0.475,0.403,0.012,0.177,0.012,0.075,0.212,0.075,-0.048,1.0,0.894,0.269,0.303,0.406,0.526,0.591,0.288,0.204,0.5,0,high,high,high,none,high,Recent schedule skews toward strong opponents.; Attack index increased after opponent-quality adjustment. Defense index increased after opponent-quality adjustment.; Defense boosted by opponent adjustment but goals-against residual is poor. Schedule strength may be misleading; residuals do not support the full opponent boost.,,,,1662.023,1683.771,1178.471,2109.912,1.0,20,4,strong,Recent schedule skews toward strong opponents.,Attack index increased after opponent-quality adjustment. Defense index increased after opponent-quality adjustment.,Defense boosted by opponent adjustment but goals-against residual is poor. Schedule strength may be misleading; residuals do not support the full opponent boost.,,2026-06-25T22:09:13+00:00
German DR,2026-06-27,2022-06-27,2026-06-27,298,0,,,calibrated_4y_40m_hl365,0,,,,,,,,1.698,1.211,0.5,0.5,0.5,0.5,0.5,0.5,0.5,0.5,0.5,0.5,0.5,0.5,0.5,0.5,0.5,0.5,,,,,,,,0.0,,,,0.5,,,,,0.5,0,insufficient,insufficient,insufficient,none,insufficient,Fewer than 8 recent matches; behavior is insufficient.; No recent match date available.; Opponent Elo missing for recent matches; schedule strength unknown.; Residual coverage is 0%; residual behavior is unreliable.,Fewer than 8 recent matches; behavior is insufficient.,No recent match date available.,,,,,,0.0,0,0,unknown,Opponent Elo missing for recent matches; schedule strength unknown.,,Residual coverage is 0%; residual behavior is unreliable.,,2026-06-25T22:09:13+00:00
Germany,2026-06-27,2022-06-27,2026-06-27,1032,40,2023-03-28,2026-06-14,calibrated_4y_40m_hl365,40,2.637,2.519,2.637,0.793,0.924,0.793,1.844,2.255,1.162,0.808,0.884,0.953,0.953,0.632,0.961,0.632,0.808,0.573,0.595,0.636,0.636,0.524,0.543,0.524,0.573,0.395,1.384,0.395,-0.071,-0.129,-0.071,0.038,1.0,0.841,0.338,0.296,0.838,0.529,0.69,0.406,0.098,0.5,0,high,high,high,none,high,Recent schedule skews toward strong opponents.; Attack index increased after opponent-quality adjustment. Defense index increased after opponent-quality adjustment.; Large raw-vs-residual attack disagreement. Schedule strength may be misleading; residuals do not support the full opponent boost.,,,,1796.129,1807.623,1446.04,2066.863,1.0,30,0,strong,Recent schedule skews toward strong opponents.,Attack index increased after opponent-quality adjustment. Defense index increased after opponent-quality adjustment.,Large raw-vs-residual attack disagreement. Schedule strength may be misleading; residuals do not support the full opponent boost.,,2026-06-25T22:09:13+00:00
Ghana,2026-06-27,2022-06-27,2026-06-27,673,40,2022-11-28,2026-06-17,calibrated_4y_40m_hl365,40,1.382,1.314,1.382,0.728,0.785,0.728,0.654,1.566,1.04,0.495,0.528,0.558,0.558,0.416,0.502,0.416,0.495,0.678,0.666,0.696,0.696,0.707,0.683,0.707,0.678,-0.252,0.005,-0.252,-0.62,-0.548,-0.62,0.149,1.0,0.928,0.228,0.56,0.627,0.293,0.318,0.6,0.17,0.5,0,high,high,high,none,high,Attack index increased after opponent-quality adjustment.; Attack boosted by opponent adjustment but goal residual is negative. Schedule strength may be misleading; residuals do not support the full opponent boost.,,,,1596.847,1562.592,1297.709,1946.906,1.0,13,2,average,,Attack index increased after opponent-quality adjustment.,Attack boosted by opponent adjustment but goal residual is negative. Schedule strength may be misleading; residuals do not support the full opponent boost.,,2026-06-25T22:09:13+00:00
Gibraltar,2026-06-27,2022-06-27,2026-06-27,159,36,2022-09-23,2026-06-06,calibrated_4y_40m_hl365,36,0.671,0.819,0.671,2.128,2.171,2.128,-1.458,1.113,2.484,0.334,0.306,0.255,0.255,0.398,0.445,0.398,0.334,0.282,0.197,0.209,0.209,0.48,0.292,0.48,0.282,-0.306,-0.164,-0.306,0.061,0.625,0.061,-0.027,1.0,0.817,0.391,0.303,0.14,0.326,0.714,0.103,0.575,0.5,0,high,high,high,none,high,Recent schedule includes both strong and weak opponents.; Attack index reduced after opponent-quality adjustment.; Defense boosted by opponent adjustment but goals-against residual is poor. Large raw-vs-residual defense disagreement.,,,,1510.011,1579.514,924.982,2074.067,1.0,11,12,mixed,Recent schedule includes both strong and weak opponents.,Attack index reduced after opponent-quality adjustment.,Defense boosted by opponent adjustment but goals-against residual is poor. Large raw-vs-residual defense disagreement.,,2026-06-25T22:09:13+00:00
Gotland,2026-06-27,2022-06-27,2026-06-27,30,0,,,calibrated_4y_40m_hl365,0,,,,,,,,2.7,1.9,0.5,0.5,0.5,0.5,0.5,0.5,0.5,0.5,0.5,0.5,0.5,0.5,0.5,0.5,0.5,0.5,,,,,,,,0.0,,,,0.5,,,,,0.5,0,insufficient,insufficient,insufficient,none,insufficient,Fewer than 8 recent matches; behavior is insufficient.; No recent match date available.; Opponent Elo missing for recent matches; schedule strength unknown.; Residual coverage is 0%; residual behavior is unreliable.,Fewer than 8 recent matches; behavior is insufficient.,No recent match date available.,,,,,,0.0,0,0,unknown,Opponent Elo missing for recent matches; schedule strength unknown.,,Residual coverage is 0%; residual behavior is unreliable.,,2026-06-25T22:09:13+00:00
Gozo,2026-06-27,2022-06-27,2026-06-27,14,7,2023-07-09,2025-07-17,calibrated_4y_40m_hl365,7,0.976,1.005,0.976,1.43,1.495,1.43,-0.454,2.214,2.0,0.378,0.359,0.349,0.349,0.42,0.426,0.42,0.378,0.433,0.402,0.422,0.422,0.505,0.509,0.505,0.433,-0.239,-0.221,-0.239,-0.014,-0.027,-0.014,-0.046,1.0,0.99,0.894,0.873,0.239,0.285,0.322,0.359,0.64,0.5,0,insufficient,insufficient,insufficient,none,insufficient,Fewer than 8 recent matches; behavior is insufficient.; Recent goals-for differs from all-time by -1.24.; Recent schedule skews toward strong opponents.; Attack residuals are concentrated in the top 3 matches (89%). Defense residuals are concentrated in the top 3 matches (87%).,Fewer than 8 recent matches; behavior is insufficient.,,,1599.4,1570.157,1441.109,1775.581,1.0,3,0,strong,Recent schedule skews toward strong opponents.,,,Attack residuals are concentrated in the top 3 matches (89%). Defense residuals are concentrated in the top 3 matches (87%).,2026-06-25T22:09:13+00:00
Greece,2026-06-27,2022-06-27,2026-06-27,633,38,2022-09-24,2026-06-07,calibrated_4y_40m_hl365,38,1.591,1.461,1.591,1.108,1.307,1.108,0.483,1.254,1.387,0.52,0.544,0.598,0.598,0.463,0.54,0.463,0.52,0.48,0.47,0.527,0.527,0.504,0.504,0.504,0.48,-0.112,0.12,-0.112,-0.013,-0.012,-0.013,-0.049,1.0,0.907,0.342,0.354,0.479,0.416,0.618,0.349,0.395,0.5,0,high,high,high,none,high,Recent schedule skews toward strong opponents.; Attack index increased after opponent-quality adjustment. Defense index increased after opponent-quality adjustment.; Attack boosted by opponent adjustment but goal residual is negative. Schedule strength may be misleading; residuals do not support the full opponent boost.,,,,1675.528,1697.83,1190.246,2074.52,1.0,19,5,strong,Recent schedule skews toward strong opponents.,Attack index increased after opponent-quality adjustment. Defense index increased after opponent-quality adjustment.,Attack boosted by opponent adjustment but goal residual is negative. Schedule strength may be misleading; residuals do not support the full opponent boost.,,2026-06-25T22:09:13+00:00
Greenland,2026-06-27,2022-06-27,2026-06-27,77,4,2023-07-09,2024-06-01,calibrated_4y_40m_hl365,4,1.059,1.141,1.059,2.667,2.632,2.667,-1.609,1.883,2.065,0.498,0.518,0.481,0.481,0.452,0.382,0.452,0.498,0.175,0.122,0.105,0.105,0.298,0.0,0.298,0.175,-0.143,-0.355,-0.143,0.606,1.954,0.606,-0.284,1.0,0.764,0.906,0.814,0.221,0.458,0.772,0.204,0.314,0.5,0,insufficient,insufficient,insufficient,none,insufficient,Fewer than 8 recent matches; behavior is insufficient.; Latest match is 756 days before reference date.; Recent schedule skews toward weak opponents.; Attack index reduced after opponent-quality adjustment.; Attack residuals are concentrated in the top 3 matches (91%). Defense residuals are concentrated in the top 3 matches (81%).,Fewer than 8 recent matches; behavior is insufficient.,Latest match is 756 days before reference date.,,1397.507,1384.586,1329.023,1491.833,1.0,0,1,weak,Recent schedule skews toward weak opponents.,Attack index reduced after opponent-quality adjustment.,,Attack residuals are concentrated in the top 3 matches (91%). Defense residuals are concentrated in the top 3 matches (81%).,2026-06-25T22:09:13+00:00
Grenada,2026-06-27,2022-06-27,2026-06-27,260,32,2022-09-24,2026-05-16,calibrated_4y_40m_hl365,32,1.086,1.196,1.086,2.091,2.045,2.091,-1.006,1.623,1.862,0.442,0.431,0.382,0.382,0.469,0.539,0.469,0.442,0.311,0.264,0.243,0.243,0.423,0.296,0.423,0.311,-0.094,0.117,-0.094,0.232,0.613,0.232,-0.002,1.0,0.785,0.38,0.361,0.29,0.248,0.735,0.206,0.542,0.5,0,high,high,high,none,high,Recent schedule skews toward weak opponents.; Attack index reduced after opponent-quality adjustment.,,,,1413.273,1361.827,1006.428,1865.707,1.0,3,16,weak,Recent schedule skews toward weak opponents.,Attack index reduced after opponent-quality adjustment.,,,2026-06-25T22:09:13+00:00
Guadeloupe,2026-06-27,2022-06-27,2026-06-27,271,24,2023-03-23,2025-06-24,calibrated_4y_40m_hl365,24,1.574,1.527,1.574,1.331,1.395,1.331,0.243,1.708,1.439,0.593,0.634,0.649,0.649,0.498,0.593,0.498,0.593,0.493,0.48,0.495,0.495,0.522,0.452,0.522,0.493,-0.005,0.28,-0.005,-0.065,0.145,-0.065,-0.016,1.0,0.913,0.334,0.458,0.46,0.437,0.572,0.437,0.144,0.5,0,low,low,low,none,low,Latest match is 368 days before reference date.; Schedule strength may be misleading; residuals do not support the full opponent boost.,,Latest match is 368 days before reference date.,,1469.994,1439.346,1175.511,1783.926,1.0,3,5,average,,,Schedule strength may be misleading; residuals do not support the full opponent boost.,,2026-06-25T22:09:13+00:00
Guam,2026-06-27,2022-06-27,2026-06-27,123,10,2023-10-12,2026-06-06,calibrated_4y_40m_hl365,10,1.297,1.407,1.297,2.839,2.789,2.839,-1.542,1.138,4.902,0.528,0.531,0.451,0.451,0.523,0.723,0.523,0.528,0.163,0.128,0.086,0.086,0.244,0.0,0.244,0.163,0.068,0.668,0.068,0.767,1.838,0.767,-0.001,1.0,0.636,0.758,0.692,0.181,0.517,0.975,0.151,0.281,0.5,0,low,low,low,none,low,Recent goals-against differs from all-time by -2.06.; Recent schedule skews toward weak opponents.; Attack index reduced after opponent-quality adjustment. Defense index reduced after opponent-quality adjustment.; Attack residuals are concentrated in the top 3 matches (76%). Defense residuals are concentrated in the top 3 matches (69%).,,,,1222.24,1264.013,956.804,1392.973,1.0,0,8,weak,Recent schedule skews toward weak opponents.,Attack index reduced after opponent-quality adjustment. Defense index reduced after opponent-quality adjustment.,,Attack residuals are concentrated in the top 3 matches (76%). Defense residuals are concentrated in the top 3 matches (69%).,2026-06-25T22:09:13+00:00
Guatemala,2026-06-27,2022-06-27,2026-06-27,554,40,2023-07-09,2026-06-07,calibrated_4y_40m_hl365,40,1.401,1.334,1.401,1.464,1.586,1.464,-0.062,1.397,1.377,0.528,0.537,0.567,0.567,0.505,0.513,0.505,0.528,0.409,0.374,0.408,0.408,0.492,0.398,0.492,0.409,0.016,0.038,0.016,0.024,0.307,0.024,0.003,1.0,0.93,0.316,0.265,0.418,0.559,0.542,0.194,0.275,0.5,0,high,high,high,none,high,Recent schedule skews toward strong opponents.; Defense index increased after opponent-quality adjustment.; Schedule strength may be misleading; residuals do not support the full opponent boost.,,,,1640.011,1646.03,1063.432,2077.772,1.0,16,2,strong,Recent schedule skews toward strong opponents.,Defense index increased after opponent-quality adjustment.,Schedule strength may be misleading; residuals do not support the full opponent boost.,,2026-06-25T22:09:13+00:00
Guernsey,2026-06-27,2022-06-27,2026-06-27,240,4,2023-07-09,2023-07-13,calibrated_4y_40m_hl365,4,1.756,1.748,1.756,0.713,0.75,0.713,1.043,2.567,1.304,0.596,0.668,0.669,0.669,0.43,0.519,0.43,0.596,0.645,0.656,0.664,0.664,0.617,0.611,0.617,0.645,-0.21,0.056,-0.21,-0.35,-0.332,-0.35,-0.04,1.0,0.935,0.846,0.981,0.744,0.5,0.5,0.489,0.0,0.5,0,insufficient,insufficient,insufficient,none,insufficient,Fewer than 8 recent matches; behavior is insufficient.; Latest match is 1080 days before reference date.; Attack boosted by opponent adjustment but goal residual is negative. Schedule strength may be misleading; residuals do not support the full opponent boost.; Attack residuals are concentrated in the top 3 matches (85%). Defense residuals are concentrated in the top 3 matches (98%).,Fewer than 8 recent matches; behavior is insufficient.,Latest match is 1080 days before reference date.,,1515.731,1503.555,1436.839,1618.975,1.0,0,0,average,,,Attack boosted by opponent adjustment but goal residual is negative. Schedule strength may be misleading; residuals do not support the full opponent boost.,Attack residuals are concentrated in the top 3 matches (85%). Defense residuals are concentrated in the top 3 matches (98%).,2026-06-25T22:09:13+00:00
Guinea,2026-06-27,2022-06-27,2026-06-27,539,38,2022-09-23,2026-06-04,calibrated_4y_40m_hl365,38,1.195,1.258,1.195,0.929,0.933,0.929,0.265,1.354,1.224,0.481,0.514,0.492,0.492,0.402,0.437,0.402,0.481,0.585,0.574,0.569,0.569,0.61,0.616,0.61,0.585,-0.293,-0.189,-0.293,-0.33,-0.348,-0.33,-0.059,1.0,0.96,0.314,0.385,0.432,0.409,0.465,0.296,0.397,0.5,0,high,high,high,none,high,,,,,1539.271,1502.874,1090.519,2084.381,1.0,8,2,average,,,,,2026-06-25T22:09:13+00:00
Guinea-Bissau,2026-06-27,2022-06-27,2026-06-27,190,31,2022-11-17,2026-03-31,calibrated_4y_40m_hl365,31,0.641,0.685,0.641,1.299,1.318,1.299,-0.657,0.995,1.474,0.317,0.322,0.302,0.302,0.305,0.303,0.305,0.317,0.496,0.454,0.452,0.452,0.594,0.534,0.594,0.496,-0.584,-0.592,-0.584,-0.283,-0.101,-0.283,-0.117,1.0,0.969,0.43,0.365,0.217,0.422,0.26,0.17,0.435,0.5,0,high,high,high,none,high,,,,,1520.683,1516.526,1111.319,1758.771,1.0,3,5,average,,,,,2026-06-25T22:09:13+00:00
Guyana,2026-06-27,2022-06-27,2026-06-27,313,30,2023-03-25,2026-03-30,calibrated_4y_40m_hl365,30,1.921,2.144,1.921,1.329,1.274,1.329,0.593,1.367,1.757,0.745,0.777,0.693,0.693,0.669,0.746,0.669,0.745,0.471,0.454,0.436,0.436,0.509,0.493,0.509,0.471,0.507,0.739,0.507,-0.027,0.022,-0.027,0.104,1.0,0.929,0.365,0.431,0.601,0.599,0.671,0.172,0.203,0.5,0,high,high,high,none,high,Recent schedule skews toward weak opponents.; Attack index reduced after opponent-quality adjustment.,,,,1405.406,1391.334,1118.288,1769.529,1.0,1,13,weak,Recent schedule skews toward weak opponents.,Attack index reduced after opponent-quality adjustment.,,,2026-06-25T22:09:13+00:00
Găgăuzia,2026-06-27,2022-06-27,2026-06-27,3,0,,,calibrated_4y_40m_hl365,0,,,,,,,,0.667,3.0,0.5,0.5,0.5,0.5,0.5,0.5,0.5,0.5,0.5,0.5,0.5,0.5,0.5,0.5,0.5,0.5,,,,,,,,0.0,,,,0.5,,,,,0.5,0,insufficient,insufficient,insufficient,none,insufficient,Fewer than 8 recent matches; behavior is insufficient.; No recent match date available.; Opponent Elo missing for recent matches; schedule strength unknown.; Residual coverage is 0%; residual behavior is unreliable.,Fewer than 8 recent matches; behavior is insufficient.,No recent match date available.,,,,,,0.0,0,0,unknown,Opponent Elo missing for recent matches; schedule strength unknown.,,Residual coverage is 0%; residual behavior is unreliable.,,2026-06-25T22:09:13+00:00
Haiti,2026-06-27,2022-06-27,2026-06-27,512,36,2023-03-25,2026-06-19,calibrated_4y_40m_hl365,36,1.362,1.339,1.362,1.19,1.335,1.19,0.172,1.637,1.348,0.481,0.495,0.504,0.504,0.449,0.538,0.449,0.481,0.496,0.473,0.513,0.513,0.55,0.516,0.55,0.496,-0.154,0.114,-0.154,-0.15,-0.047,-0.15,-0.042,1.0,0.877,0.36,0.312,0.409,0.316,0.586,0.333,0.408,0.5,0,high,high,high,none,high,Defense index increased after opponent-quality adjustment.; Attack boosted by opponent adjustment but goal residual is negative. Schedule strength may be misleading; residuals do not support the full opponent boost.,,,,1544.461,1536.82,1200.159,1969.594,1.0,9,8,average,,Defense index increased after opponent-quality adjustment.,Attack boosted by opponent adjustment but goal residual is negative. Schedule strength may be misleading; residuals do not support the full opponent boost.,,2026-06-25T22:09:13+00:00
Hitra,2026-06-27,2022-06-27,2026-06-27,23,4,2025-07-13,2025-07-17,calibrated_4y_40m_hl365,4,2.67,2.752,2.67,1.792,1.744,1.792,0.877,1.609,4.0,0.968,1.0,0.97,0.97,0.894,1.0,0.894,0.968,0.409,0.416,0.39,0.39,0.393,0.151,0.393,0.409,1.182,1.958,1.182,0.322,1.048,0.322,0.06,1.0,0.71,0.836,0.83,0.496,0.498,1.0,0.44,0.0,0.5,0,insufficient,insufficient,insufficient,none,insufficient,Fewer than 8 recent matches; behavior is insufficient.; Recent goals-for differs from all-time by +1.06. Recent goals-against differs from all-time by -2.21.; Recent schedule skews toward weak opponents.; Attack index reduced after opponent-quality adjustment.; Attack residuals are concentrated in the top 3 matches (84%). Defense residuals are concentrated in the top 3 matches (83%).,Fewer than 8 recent matches; behavior is insufficient.,,,1413.894,1357.518,1293.82,1646.722,1.0,0,2,weak,Recent schedule skews toward weak opponents.,Attack index reduced after opponent-quality adjustment.,,Attack residuals are concentrated in the top 3 matches (84%). Defense residuals are concentrated in the top 3 matches (83%).,2026-06-25T22:09:13+00:00
Hmong,2026-06-27,2022-06-27,2026-06-27,3,3,2023-08-04,2023-08-08,calibrated_4y_40m_hl365,3,1.668,1.666,1.668,3.338,3.333,3.338,-1.67,2.0,3.333,0.563,0.569,0.553,0.553,0.549,0.693,0.549,0.563,0.0,0.0,0.0,0.0,0.0,0.0,0.0,0.0,0.147,0.58,0.147,1.684,2.042,1.684,-0.207,1.0,0.914,1.0,1.0,0.259,0.668,1.0,0.0,0.332,0.5,0,insufficient,insufficient,insufficient,none,insufficient,Fewer than 8 recent matches; behavior is insufficient.; Latest match is 1054 days before reference date.; Attack residuals are concentrated in the top 3 matches (100%). Defense residuals are concentrated in the top 3 matches (100%).,Fewer than 8 recent matches; behavior is insufficient.,Latest match is 1054 days before reference date.,,1450.328,1485.749,1358.847,1506.389,1.0,0,0,average,,,,Attack residuals are concentrated in the top 3 matches (100%). Defense residuals are concentrated in the top 3 matches (100%).,2026-06-25T22:09:13+00:00
Honduras,2026-06-27,2022-06-27,2026-06-27,620,40,2023-06-25,2026-06-06,calibrated_4y_40m_hl365,40,1.274,1.253,1.274,0.919,0.978,0.919,0.355,1.466,1.287,0.472,0.498,0.505,0.505,0.413,0.46,0.413,0.472,0.618,0.603,0.624,0.624,0.652,0.59,0.652,0.618,-0.261,-0.119,-0.261,-0.455,-0.271,-0.455,0.059,1.0,0.939,0.277,0.254,0.517,0.262,0.355,0.522,0.423,0.5,0,high,high,high,none,high,Recent schedule skews toward strong opponents.; Attack boosted by opponent adjustment but goal residual is negative. Schedule strength may be misleading; residuals do not support the full opponent boost.,,,,1616.008,1625.322,1159.818,2056.339,1.0,14,3,strong,Recent schedule skews toward strong opponents.,,Attack boosted by opponent adjustment but goal residual is negative. Schedule strength may be misleading; residuals do not support the full opponent boost.,,2026-06-25T22:09:13+00:00
Hong Kong,2026-06-27,2022-06-27,2026-06-27,447,40,2023-03-28,2026-06-09,calibrated_4y_40m_hl365,40,1.326,1.517,1.326,1.337,1.229,1.337,-0.011,1.45,1.638,0.54,0.577,0.503,0.503,0.455,0.601,0.455,0.54,0.505,0.494,0.45,0.45,0.532,0.542,0.532,0.505,-0.134,0.302,-0.134,-0.095,-0.126,-0.095,-0.034,1.0,0.935,0.365,0.355,0.411,0.456,0.499,0.323,0.258,0.5,0,high,high,high,none,high,Recent schedule skews toward weak opponents.; Attack index reduced after opponent-quality adjustment. Defense index reduced after opponent-quality adjustment.,,,,1363.033,1348.165,948.663,1862.8,1.0,5,20,weak,Recent schedule skews toward weak opponents.,Attack index reduced after opponent-quality adjustment. Defense index reduced after opponent-quality adjustment.,,,2026-06-25T22:09:13+00:00
Hungary,2026-06-27,2022-06-27,2026-06-27,1006,40,2022-09-26,2026-06-09,calibrated_4y_40m_hl365,40,1.592,1.462,1.592,1.257,1.438,1.257,0.335,1.999,1.474,0.599,0.64,0.699,0.699,0.505,0.496,0.505,0.599,0.443,0.429,0.482,0.482,0.474,0.446,0.474,0.443,0.016,-0.011,0.016,0.078,0.161,0.078,-0.024,1.0,0.971,0.288,0.317,0.508,0.555,0.594,0.345,0.182,0.5,0,high,high,high,none,high,Recent schedule skews toward strong opponents.; Attack index increased after opponent-quality adjustment. Defense index increased after opponent-quality adjustment.; Defense boosted by opponent adjustment but goals-against residual is poor. Schedule strength may be misleading; residuals do not support the full opponent boost.,,,,1677.823,1678.995,1329.263,1996.307,1.0,19,1,strong,Recent schedule skews toward strong opponents.,Attack index increased after opponent-quality adjustment. Defense index increased after opponent-quality adjustment.,Defense boosted by opponent adjustment but goals-against residual is poor. Schedule strength may be misleading; residuals do not support the full opponent boost.,,2026-06-25T22:09:13+00:00
Iceland,2026-06-27,2022-06-27,2026-06-27,522,40,2022-11-19,2026-06-09,calibrated_4y_40m_hl365,40,1.595,1.467,1.595,1.613,1.846,1.613,-0.017,1.211,1.678,0.582,0.588,0.642,0.642,0.568,0.624,0.568,0.582,0.34,0.285,0.349,0.349,0.466,0.412,0.466,0.34,0.205,0.371,0.205,0.101,0.265,0.101,0.018,1.0,0.922,0.369,0.314,0.333,0.517,0.641,0.21,0.266,0.5,0,high,high,high,none,high,Recent schedule skews toward strong opponents.; Attack index increased after opponent-quality adjustment. Defense index increased after opponent-quality adjustment.; Defense boosted by opponent adjustment but goals-against residual is poor. Schedule strength may be misleading; residuals do not support the full opponent boost.,,,,1680.949,1649.332,1086.973,2057.655,1.0,19,2,strong,Recent schedule skews toward strong opponents.,Attack index increased after opponent-quality adjustment. Defense index increased after opponent-quality adjustment.,Defense boosted by opponent adjustment but goals-against residual is poor. Schedule strength may be misleading; residuals do not support the full opponent boost.,,2026-06-25T22:09:13+00:00
India,2026-06-27,2022-06-27,2026-06-27,534,35,2022-09-24,2026-06-09,calibrated_4y_40m_hl365,35,0.448,0.489,0.448,1.362,1.323,1.362,-0.915,1.367,1.614,0.225,0.224,0.206,0.206,0.227,0.232,0.227,0.225,0.461,0.422,0.409,0.409,0.552,0.548,0.552,0.461,-0.818,-0.804,-0.818,-0.156,-0.144,-0.156,-0.229,1.0,0.981,0.42,0.353,0.137,0.372,0.26,0.136,0.579,0.5,0,high,high,high,none,high,Recent goals-for differs from all-time by -0.92.; Recent schedule skews toward weak opponents.,,,,1431.392,1459.813,1092.552,1835.94,1.0,3,13,weak,Recent schedule skews toward weak opponents.,,,,2026-06-25T22:09:13+00:00
Indonesia,2026-06-27,2022-06-27,2026-06-27,728,40,2023-06-19,2026-06-09,calibrated_4y_40m_hl365,40,1.294,1.299,1.294,1.204,1.266,1.204,0.09,1.666,1.615,0.489,0.504,0.502,0.502,0.454,0.53,0.454,0.489,0.557,0.532,0.549,0.549,0.617,0.53,0.617,0.557,-0.138,0.091,-0.138,-0.352,-0.089,-0.352,0.046,1.0,0.874,0.317,0.231,0.436,0.244,0.486,0.449,0.349,0.5,0,high,high,high,none,high,,,,,1541.775,1526.506,985.45,2062.783,1.0,9,9,average,,,,,2026-06-25T22:09:13+00:00
Iran,2026-06-27,2022-06-27,2026-06-27,613,40,2023-03-23,2026-06-15,calibrated_4y_40m_hl365,40,1.974,1.883,1.974,0.843,0.928,0.843,1.13,1.887,0.791,0.66,0.729,0.776,0.776,0.5,0.57,0.5,0.66,0.568,0.581,0.615,0.615,0.536,0.548,0.536,0.568,-0.001,0.211,-0.001,-0.107,-0.143,-0.107,-0.076,1.0,0.943,0.285,0.328,0.636,0.505,0.608,0.481,0.187,0.5,0,high,high,high,none,high,Recent schedule skews toward strong opponents.; Attack index increased after opponent-quality adjustment. Defense index increased after opponent-quality adjustment.; Schedule strength may be misleading; residuals do not support the full opponent boost.,,,,1587.376,1636.527,1275.342,1911.5,1.0,14,4,strong,Recent schedule skews toward strong opponents.,Attack index increased after opponent-quality adjustment. Defense index increased after opponent-quality adjustment.,Schedule strength may be misleading; residuals do not support the full opponent boost.,,2026-06-25T22:09:13+00:00
Iraq,2026-06-27,2022-06-27,2026-06-27,656,40,2023-10-13,2026-06-16,calibrated_4y_40m_hl365,40,1.231,1.158,1.231,1.081,1.238,1.081,0.15,1.534,0.934,0.475,0.516,0.55,0.55,0.38,0.393,0.38,0.475,0.52,0.505,0.545,0.545,0.555,0.512,0.555,0.52,-0.361,-0.321,-0.361,-0.166,-0.037,-0.166,-0.001,1.0,0.964,0.224,0.306,0.531,0.503,0.432,0.35,0.23,0.5,0,high,high,high,none,high,Attack index increased after opponent-quality adjustment. Defense index increased after opponent-quality adjustment.; Attack boosted by opponent adjustment but goal residual is negative. Schedule strength may be misleading; residuals do not support the full opponent boost.,,,,1600.794,1621.742,1145.866,2098.327,1.0,12,4,average,,Attack index increased after opponent-quality adjustment. Defense index increased after opponent-quality adjustment.,Attack boosted by opponent adjustment but goal residual is negative. Schedule strength may be misleading; residuals do not support the full opponent boost.,,2026-06-25T22:09:13+00:00
Iraqi Kurdistan,2026-06-27,2022-06-27,2026-06-27,27,0,,,calibrated_4y_40m_hl365,0,,,,,,,,2.259,1.0,0.5,0.5,0.5,0.5,0.5,0.5,0.5,0.5,0.5,0.5,0.5,0.5,0.5,0.5,0.5,0.5,,,,,,,,0.0,,,,0.5,,,,,0.5,0,insufficient,insufficient,insufficient,none,insufficient,Fewer than 8 recent matches; behavior is insufficient.; No recent match date available.; Opponent Elo missing for recent matches; schedule strength unknown.; Residual coverage is 0%; residual behavior is unreliable.,Fewer than 8 recent matches; behavior is insufficient.,No recent match date available.,,,,,,0.0,0,0,unknown,Opponent Elo missing for recent matches; schedule strength unknown.,,Residual coverage is 0%; residual behavior is unreliable.,,2026-06-25T22:09:13+00:00
Isle of Man,2026-06-27,2022-06-27,2026-06-27,58,9,2023-07-09,2025-07-18,calibrated_4y_40m_hl365,9,2.747,2.694,2.747,1.386,1.386,1.386,1.361,3.207,1.5,0.845,0.886,0.876,0.876,0.748,1.0,0.748,0.845,0.39,0.37,0.371,0.371,0.438,0.42,0.438,0.39,0.745,2.667,0.745,0.187,0.241,0.187,0.07,1.0,0.832,0.666,0.674,0.752,0.77,0.794,0.044,0.182,0.5,0,low,low,low,none,low,Defense boosted by opponent adjustment but goals-against residual is poor.; Attack residuals are concentrated in the top 3 matches (67%). Defense residuals are concentrated in the top 3 matches (67%).,,,,1471.948,1410.037,1305.859,1771.477,1.0,1,2,average,,,Defense boosted by opponent adjustment but goals-against residual is poor.,Attack residuals are concentrated in the top 3 matches (67%). Defense residuals are concentrated in the top 3 matches (67%).,2026-06-25T22:09:13+00:00
Isle of Wight,2026-06-27,2022-06-27,2026-06-27,48,4,2023-07-09,2023-07-13,calibrated_4y_40m_hl365,4,1.899,1.751,1.899,0.869,1.005,0.869,1.03,2.354,1.25,0.741,0.79,0.834,0.834,0.626,0.626,0.626,0.741,0.611,0.609,0.641,0.641,0.616,0.616,0.616,0.611,0.377,0.377,0.377,-0.349,-0.349,-0.349,0.264,1.0,1.0,0.813,0.88,0.752,0.502,0.502,0.492,0.0,0.5,0,insufficient,insufficient,insufficient,none,insufficient,Fewer than 8 recent matches; behavior is insufficient.; Latest match is 1080 days before reference date.; Recent schedule skews toward strong opponents.; Attack index increased after opponent-quality adjustment. Defense index increased after opponent-quality adjustment.; Schedule strength may be misleading; residuals do not support the full opponent boost.; Attack residuals are concentrated in the top 3 matches (81%). Defense residuals are concentrated in the top 3 matches (88%).,Fewer than 8 recent matches; behavior is insufficient.,Latest match is 1080 days before reference date.,,1610.3,1624.151,1434.021,1758.878,1.0,2,0,strong,Recent schedule skews toward strong opponents.,Attack index increased after opponent-quality adjustment. Defense index increased after opponent-quality adjustment.,Schedule strength may be misleading; residuals do not support the full opponent boost.,Attack residuals are concentrated in the top 3 matches (81%). Defense residuals are concentrated in the top 3 matches (88%).,2026-06-25T22:09:13+00:00
Israel,2026-06-27,2022-06-27,2026-06-27,498,35,2022-09-24,2026-06-03,calibrated_4y_40m_hl365,35,1.755,1.777,1.755,1.709,1.848,1.709,0.046,1.506,1.48,0.633,0.649,0.661,0.661,0.597,0.652,0.597,0.633,0.366,0.336,0.382,0.382,0.436,0.328,0.436,0.366,0.29,0.457,0.29,0.193,0.516,0.193,0.062,1.0,0.866,0.411,0.341,0.454,0.537,0.764,0.28,0.249,0.5,0,high,high,high,none,high,Recent schedule skews toward strong opponents.; Defense index increased after opponent-quality adjustment.; Defense boosted by opponent adjustment but goals-against residual is poor. Schedule strength may be misleading; residuals do not support the full opponent boost.,,,,1624.997,1638.889,1170.97,2034.914,1.0,13,6,strong,Recent schedule skews toward strong opponents.,Defense index increased after opponent-quality adjustment.,Defense boosted by opponent adjustment but goals-against residual is poor. Schedule strength may be misleading; residuals do not support the full opponent boost.,,2026-06-25T22:09:13+00:00
Italy,2026-06-27,2022-06-27,2026-06-27,893,40,2022-11-16,2026-06-07,calibrated_4y_40m_hl365,40,1.992,1.907,1.992,1.016,1.169,1.016,0.976,1.753,0.981,0.667,0.741,0.779,0.779,0.495,0.559,0.495,0.667,0.54,0.554,0.595,0.595,0.506,0.457,0.506,0.54,-0.014,0.178,-0.014,-0.018,0.129,-0.018,-0.044,1.0,0.925,0.284,0.337,0.68,0.481,0.523,0.451,0.09,0.5,0,high,high,high,none,high,Recent schedule skews toward strong opponents.; Attack index increased after opponent-quality adjustment. Defense index increased after opponent-quality adjustment.; Schedule strength may be misleading; residuals do not support the full opponent boost.,,,,1712.145,1749.67,1293.39,2031.519,1.0,22,4,strong,Recent schedule skews toward strong opponents.,Attack index increased after opponent-quality adjustment. Defense index increased after opponent-quality adjustment.,Schedule strength may be misleading; residuals do not support the full opponent boost.,,2026-06-25T22:09:13+00:00
Ivory Coast,2026-06-27,2022-06-27,2026-06-27,637,40,2023-10-17,2026-06-14,calibrated_4y_40m_hl365,40,1.737,1.648,1.737,0.43,0.473,0.43,1.307,1.637,0.995,0.594,0.64,0.677,0.677,0.484,0.597,0.484,0.594,0.785,0.798,0.819,0.819,0.756,0.756,0.756,0.785,-0.047,0.29,-0.047,-0.768,-0.768,-0.768,0.177,1.0,0.921,0.229,0.36,0.769,0.223,0.38,0.726,0.176,0.5,0,high,high,high,none,high,Attack index increased after opponent-quality adjustment.; Schedule strength may be misleading; residuals do not support the full opponent boost.,,,,1581.067,1557.611,1079.465,2049.787,1.0,9,4,average,,Attack index increased after opponent-quality adjustment.,Schedule strength may be misleading; residuals do not support the full opponent boost.,,2026-06-25T22:09:13+00:00
Jamaica,2026-06-27,2022-06-27,2026-06-27,663,40,2023-11-18,2026-06-06,calibrated_4y_40m_hl365,40,1.271,1.287,1.271,0.846,0.937,0.846,0.425,1.33,1.318,0.467,0.512,0.508,0.508,0.363,0.404,0.363,0.467,0.615,0.619,0.638,0.638,0.604,0.588,0.604,0.615,-0.41,-0.289,-0.41,-0.312,-0.264,-0.312,-0.056,1.0,0.925,0.255,0.266,0.524,0.257,0.38,0.464,0.342,0.5,0,high,high,high,none,high,Schedule strength may be misleading; residuals do not support the full opponent boost.,,,,1581.955,1586.64,1029.961,1852.83,1.0,11,6,average,,,Schedule strength may be misleading; residuals do not support the full opponent boost.,,2026-06-25T22:09:13+00:00
Japan,2026-06-27,2022-06-27,2026-06-27,791,40,2022-12-05,2026-06-14,calibrated_4y_40m_hl365,40,2.308,2.098,2.308,0.652,0.784,0.652,1.656,1.827,1.153,0.725,0.787,0.878,0.878,0.58,0.716,0.58,0.725,0.628,0.644,0.695,0.695,0.593,0.611,0.593,0.628,0.24,0.649,0.24,-0.279,-0.333,-0.279,0.055,1.0,0.905,0.296,0.307,0.742,0.394,0.589,0.582,0.129,0.5,0,high,high,high,none,high,Recent schedule skews toward strong opponents.; Attack index increased after opponent-quality adjustment. Defense index increased after opponent-quality adjustment.; Schedule strength may be misleading; residuals do not support the full opponent boost.,,,,1682.423,1678.465,1173.655,2006.666,1.0,18,2,strong,Recent schedule skews toward strong opponents.,Attack index increased after opponent-quality adjustment. Defense index increased after opponent-quality adjustment.,Schedule strength may be misleading; residuals do not support the full opponent boost.,,2026-06-25T22:09:13+00:00
Jersey,2026-06-27,2022-06-27,2026-06-27,235,8,2023-07-09,2025-07-18,calibrated_4y_40m_hl365,8,2.278,2.219,2.278,1.43,1.514,1.43,0.847,2.745,1.213,0.831,0.92,0.937,0.937,0.623,0.685,0.623,0.831,0.376,0.392,0.414,0.414,0.34,0.348,0.34,0.376,0.369,0.556,0.369,0.481,0.456,0.481,-0.184,1.0,0.959,0.545,0.885,0.554,0.62,0.692,0.378,0.0,0.5,0,low,low,low,none,low,Defense boosted by opponent adjustment but goals-against residual is poor. Large raw-vs-residual attack disagreement. Schedule strength may be misleading; residuals do not support the full opponent boost.; Defense residuals are concentrated in the top 3 matches (88%).,,,,1546.122,1542.356,1429.68,1651.124,1.0,0,0,average,,,Defense boosted by opponent adjustment but goals-against residual is poor. Large raw-vs-residual attack disagreement. Schedule strength may be misleading; residuals do not support the full opponent boost.,Defense residuals are concentrated in the top 3 matches (88%).,2026-06-25T22:09:13+00:00
Jordan,2026-06-27,2022-06-27,2026-06-27,486,40,2024-01-29,2026-06-16,calibrated_4y_40m_hl365,40,1.721,1.572,1.721,1.254,1.455,1.254,0.467,1.276,1.119,0.607,0.638,0.703,0.703,0.536,0.57,0.536,0.607,0.439,0.429,0.489,0.489,0.465,0.463,0.465,0.439,0.108,0.21,0.108,0.106,0.112,0.106,-0.002,1.0,0.948,0.198,0.346,0.49,0.574,0.643,0.329,0.177,0.5,0,high,high,high,none,high,Recent schedule skews toward strong opponents.; Attack index increased after opponent-quality adjustment. Defense index increased after opponent-quality adjustment.; Defense boosted by opponent adjustment but goals-against residual is poor. Schedule strength may be misleading; residuals do not support the full opponent boost.,,,,1650.035,1685.459,1091.232,1945.001,1.0,19,2,strong,Recent schedule skews toward strong opponents.,Attack index increased after opponent-quality adjustment. Defense index increased after opponent-quality adjustment.,Defense boosted by opponent adjustment but goals-against residual is poor. Schedule strength may be misleading; residuals do not support the full opponent boost.,,2026-06-25T22:09:13+00:00
Kabylia,2026-06-27,2022-06-27,2026-06-27,6,0,,,calibrated_4y_40m_hl365,0,,,,,,,,1.333,2.5,0.5,0.5,0.5,0.5,0.5,0.5,0.5,0.5,0.5,0.5,0.5,0.5,0.5,0.5,0.5,0.5,,,,,,,,0.0,,,,0.5,,,,,0.5,0,insufficient,insufficient,insufficient,none,insufficient,Fewer than 8 recent matches; behavior is insufficient.; No recent match date available.; Opponent Elo missing for recent matches; schedule strength unknown.; Residual coverage is 0%; residual behavior is unreliable.,Fewer than 8 recent matches; behavior is insufficient.,No recent match date available.,,,,,,0.0,0,0,unknown,Opponent Elo missing for recent matches; schedule strength unknown.,,Residual coverage is 0%; residual behavior is unreliable.,,2026-06-25T22:09:13+00:00
Kazakhstan,2026-06-27,2022-06-27,2026-06-27,269,39,2022-09-22,2026-06-09,calibrated_4y_40m_hl365,39,0.996,1.056,0.996,1.293,1.393,1.293,-0.297,1.149,1.651,0.439,0.443,0.427,0.427,0.43,0.44,0.43,0.439,0.514,0.469,0.489,0.489,0.618,0.516,0.618,0.514,-0.209,-0.181,-0.209,-0.355,-0.047,-0.355,0.062,1.0,0.91,0.334,0.31,0.358,0.366,0.386,0.282,0.34,0.5,0,high,high,high,none,high,Recent schedule skews toward strong opponents.,,,,1570.474,1653.219,915.056,1893.397,1.0,14,4,strong,Recent schedule skews toward strong opponents.,,,,2026-06-25T22:09:13+00:00
Kenya,2026-06-27,2022-06-27,2026-06-27,706,31,2023-03-28,2026-06-04,calibrated_4y_40m_hl365,31,1.277,1.341,1.277,1.233,1.257,1.233,0.043,1.385,1.357,0.504,0.53,0.498,0.498,0.445,0.505,0.445,0.504,0.518,0.509,0.507,0.507,0.539,0.482,0.539,0.518,-0.166,0.016,-0.166,-0.118,0.054,-0.118,-0.019,1.0,0.897,0.321,0.358,0.396,0.462,0.534,0.331,0.255,0.5,0,high,high,high,none,high,Attack index reduced after opponent-quality adjustment.,,,,1480.095,1470.899,1084.868,1837.515,1.0,6,8,average,,Attack index reduced after opponent-quality adjustment.,,,2026-06-25T22:09:13+00:00
Kernow,2026-06-27,2022-06-27,2026-06-27,12,1,2023-07-16,2023-07-16,calibrated_4y_40m_hl365,1,1.969,2.0,1.969,1.016,1.0,1.016,0.954,2.667,1.583,0.826,0.892,0.879,0.879,0.671,0.671,0.671,0.826,0.54,0.526,0.523,0.523,0.575,0.575,0.575,0.54,0.513,0.513,0.513,-0.226,-0.226,-0.226,0.331,1.0,1.0,1.0,1.0,0.935,1.0,1.0,0.0,0.0,0.5,0,insufficient,insufficient,insufficient,none,insufficient,Fewer than 8 recent matches; behavior is insufficient.; Latest match is 1077 days before reference date.; Attack residuals are concentrated in the top 3 matches (100%). Defense residuals are concentrated in the top 3 matches (100%).,Fewer than 8 recent matches; behavior is insufficient.,Latest match is 1077 days before reference date.,,1475.558,1475.558,1475.558,1475.558,1.0,0,0,average,,,,Attack residuals are concentrated in the top 3 matches (100%). Defense residuals are concentrated in the top 3 matches (100%).,2026-06-25T22:09:13+00:00
Kiribati,2026-06-27,2022-06-27,2026-06-27,11,0,,,calibrated_4y_40m_hl365,0,,,,,,,,0.636,11.455,0.5,0.5,0.5,0.5,0.5,0.5,0.5,0.5,0.5,0.5,0.5,0.5,0.5,0.5,0.5,0.5,,,,,,,,0.0,,,,0.5,,,,,0.5,0,insufficient,insufficient,insufficient,none,insufficient,Fewer than 8 recent matches; behavior is insufficient.; No recent match date available.; Opponent Elo missing for recent matches; schedule strength unknown.; Residual coverage is 0%; residual behavior is unreliable.,Fewer than 8 recent matches; behavior is insufficient.,No recent match date available.,,,,,,0.0,0,0,unknown,Opponent Elo missing for recent matches; schedule strength unknown.,,Residual coverage is 0%; residual behavior is unreliable.,,2026-06-25T22:09:13+00:00
Kosovo,2026-06-27,2022-06-27,2026-06-27,104,37,2022-09-24,2026-06-07,calibrated_4y_40m_hl365,37,1.598,1.566,1.598,0.994,1.125,0.994,0.605,1.462,1.337,0.576,0.591,0.617,0.617,0.542,0.592,0.542,0.576,0.577,0.551,0.59,0.59,0.636,0.608,0.636,0.577,0.125,0.275,0.125,-0.407,-0.324,-0.407,0.213,1.0,0.938,0.429,0.363,0.599,0.376,0.457,0.44,0.3,0.5,0,high,high,high,none,high,Recent schedule skews toward strong opponents.; Defense index increased after opponent-quality adjustment.; Schedule strength may be misleading; residuals do not support the full opponent boost.,,,,1576.803,1606.432,1150.728,1884.5,1.0,13,5,strong,Recent schedule skews toward strong opponents.,Defense index increased after opponent-quality adjustment.,Schedule strength may be misleading; residuals do not support the full opponent boost.,,2026-06-25T22:09:13+00:00
Kurdistan,2026-06-27,2022-06-27,2026-06-27,5,0,,,calibrated_4y_40m_hl365,0,,,,,,,,2.4,0.4,0.5,0.5,0.5,0.5,0.5,0.5,0.5,0.5,0.5,0.5,0.5,0.5,0.5,0.5,0.5,0.5,,,,,,,,0.0,,,,0.5,,,,,0.5,0,insufficient,insufficient,insufficient,none,insufficient,Fewer than 8 recent matches; behavior is insufficient.; No recent match date available.; Opponent Elo missing for recent matches; schedule strength unknown.; Residual coverage is 0%; residual behavior is unreliable.,Fewer than 8 recent matches; behavior is insufficient.,No recent match date available.,,,,,,0.0,0,0,unknown,Opponent Elo missing for recent matches; schedule strength unknown.,,Residual coverage is 0%; residual behavior is unreliable.,,2026-06-25T22:09:13+00:00
Kuwait,2026-06-27,2022-06-27,2026-06-27,684,40,2023-06-21,2026-06-05,calibrated_4y_40m_hl365,40,1.163,1.123,1.163,1.638,1.792,1.638,-0.476,1.56,1.126,0.482,0.485,0.507,0.507,0.476,0.48,0.476,0.482,0.336,0.285,0.322,0.322,0.456,0.43,0.456,0.336,-0.072,-0.06,-0.072,0.131,0.209,0.131,0.027,1.0,0.956,0.268,0.281,0.28,0.595,0.536,0.137,0.306,0.5,0,high,high,high,none,high,Defense index increased after opponent-quality adjustment.; Attack boosted by opponent adjustment but goal residual is negative. Defense boosted by opponent adjustment but goals-against residual is poor. Schedule strength may be misleading; residuals do not support the full opponent boost.,,,,1557.408,1578.737,1089.132,1857.255,1.0,10,5,average,,Defense index increased after opponent-quality adjustment.,Attack boosted by opponent adjustment but goal residual is negative. Defense boosted by opponent adjustment but goals-against residual is poor. Schedule strength may be misleading; residuals do not support the full opponent boost.,,2026-06-25T22:09:13+00:00
Kyrgyzstan,2026-06-27,2022-06-27,2026-06-27,191,33,2022-09-24,2026-06-09,calibrated_4y_40m_hl365,33,1.11,1.05,1.11,1.368,1.456,1.368,-0.258,1.152,1.681,0.443,0.444,0.467,0.467,0.443,0.464,0.443,0.443,0.471,0.421,0.444,0.444,0.588,0.523,0.588,0.471,-0.172,-0.107,-0.172,-0.264,-0.069,-0.264,0.011,1.0,0.962,0.349,0.331,0.288,0.518,0.402,0.23,0.408,0.5,0,high,high,high,none,high,Attack boosted by opponent adjustment but goal residual is negative. Schedule strength may be misleading; residuals do not support the full opponent boost.,,,,1572.982,1555.113,1154.223,1879.946,1.0,8,4,average,,,Attack boosted by opponent adjustment but goal residual is negative. Schedule strength may be misleading; residuals do not support the full opponent boost.,,2026-06-25T22:09:13+00:00
Kárpátalja,2026-06-27,2022-06-27,2026-06-27,11,0,,,calibrated_4y_40m_hl365,0,,,,,,,,2.273,1.182,0.5,0.5,0.5,0.5,0.5,0.5,0.5,0.5,0.5,0.5,0.5,0.5,0.5,0.5,0.5,0.5,,,,,,,,0.0,,,,0.5,,,,,0.5,0,insufficient,insufficient,insufficient,none,insufficient,Fewer than 8 recent matches; behavior is insufficient.; No recent match date available.; Opponent Elo missing for recent matches; schedule strength unknown.; Residual coverage is 0%; residual behavior is unreliable.,Fewer than 8 recent matches; behavior is insufficient.,No recent match date available.,,,,,,0.0,0,0,unknown,Opponent Elo missing for recent matches; schedule strength unknown.,,Residual coverage is 0%; residual behavior is unreliable.,,2026-06-25T22:09:13+00:00
Laos,2026-06-27,2022-06-27,2026-06-27,224,23,2022-09-24,2025-11-19,calibrated_4y_40m_hl365,23,0.71,0.796,0.71,2.737,2.626,2.737,-2.026,1.013,3.129,0.388,0.356,0.317,0.317,0.464,0.458,0.464,0.388,0.146,0.054,0.047,0.047,0.363,0.217,0.363,0.146,-0.107,-0.125,-0.107,0.412,0.849,0.412,0.031,1.0,0.843,0.566,0.455,0.096,0.547,0.713,0.0,0.453,0.5,0,moderate,moderate,moderate,none,moderate,Recent schedule skews toward weak opponents.; Attack index reduced after opponent-quality adjustment.; Large raw-vs-residual defense disagreement.,,,,1304.248,1294.782,958.99,1565.773,1.0,0,13,weak,Recent schedule skews toward weak opponents.,Attack index reduced after opponent-quality adjustment.,Large raw-vs-residual defense disagreement.,,2026-06-25T22:09:13+00:00
Latvia,2026-06-27,2022-06-27,2026-06-27,461,36,2022-09-22,2026-06-09,calibrated_4y_40m_hl365,36,0.544,0.586,0.544,1.55,1.575,1.55,-1.006,1.174,1.657,0.29,0.276,0.257,0.257,0.322,0.319,0.322,0.29,0.428,0.36,0.367,0.367,0.585,0.531,0.585,0.428,-0.535,-0.544,-0.535,-0.255,-0.094,-0.255,-0.076,1.0,0.937,0.41,0.296,0.16,0.407,0.373,0.125,0.508,0.5,0,high,high,high,none,high,Recent schedule includes both strong and weak opponents.,,,,1539.615,1558.72,1073.881,1995.657,1.0,11,9,mixed,Recent schedule includes both strong and weak opponents.,,,,2026-06-25T22:09:13+00:00
Lebanon,2026-06-27,2022-06-27,2026-06-27,333,35,2022-11-19,2025-11-26,calibrated_4y_40m_hl365,35,1.453,1.784,1.453,0.608,0.612,0.608,0.845,1.156,1.408,0.579,0.637,0.516,0.516,0.443,0.535,0.443,0.579,0.722,0.74,0.707,0.707,0.679,0.672,0.679,0.722,-0.171,0.104,-0.171,-0.538,-0.517,-0.538,-0.02,1.0,0.86,0.361,0.319,0.502,0.189,0.553,0.564,0.32,0.5,0,moderate,moderate,moderate,none,moderate,Recent schedule skews toward weak opponents.; Attack index reduced after opponent-quality adjustment. Defense index reduced after opponent-quality adjustment.,,,,1409.031,1485.399,953.013,1825.512,1.0,2,12,weak,Recent schedule skews toward weak opponents.,Attack index reduced after opponent-quality adjustment. Defense index reduced after opponent-quality adjustment.,,,2026-06-25T22:09:13+00:00
Lesotho,2026-06-27,2022-06-27,2026-06-27,296,36,2022-07-06,2026-06-04,calibrated_4y_40m_hl365,36,0.722,0.707,0.722,1.413,1.456,1.413,-0.691,0.777,1.574,0.326,0.315,0.32,0.32,0.351,0.351,0.351,0.326,0.491,0.438,0.451,0.451,0.613,0.522,0.613,0.491,-0.448,-0.447,-0.448,-0.339,-0.067,-0.339,0.042,1.0,0.911,0.327,0.354,0.297,0.312,0.425,0.316,0.462,0.5,0,high,high,high,none,high,Attack boosted by opponent adjustment but goal residual is negative.,,,,1509.382,1474.723,1240.281,1859.723,1.0,3,2,average,,,Attack boosted by opponent adjustment but goal residual is negative.,,2026-06-25T22:09:13+00:00
Liberia,2026-06-27,2022-06-27,2026-06-27,302,30,2022-09-25,2026-06-09,calibrated_4y_40m_hl365,30,1.137,1.164,1.137,1.405,1.444,1.405,-0.268,0.894,1.474,0.484,0.483,0.472,0.472,0.484,0.479,0.484,0.484,0.429,0.379,0.388,0.388,0.543,0.519,0.543,0.429,-0.047,-0.062,-0.047,-0.13,-0.057,-0.13,0.034,1.0,0.96,0.406,0.252,0.338,0.545,0.537,0.073,0.386,0.5,0,high,high,high,none,high,,,,,1518.4,1510.833,1112.233,1851.557,1.0,6,4,average,,,,,2026-06-25T22:09:13+00:00
Libya,2026-06-27,2022-06-27,2026-06-27,384,32,2022-09-21,2026-03-31,calibrated_4y_40m_hl365,32,1.088,1.092,1.088,0.855,0.887,0.855,0.232,1.302,1.214,0.444,0.467,0.464,0.464,0.388,0.389,0.388,0.444,0.637,0.635,0.636,0.636,0.641,0.641,0.641,0.637,-0.335,-0.333,-0.335,-0.422,-0.422,-0.422,0.038,1.0,0.996,0.524,0.36,0.439,0.408,0.322,0.508,0.347,0.5,0,high,high,high,none,high,,,,,1506.616,1486.072,1252.863,1783.57,1.0,3,3,average,,,,,2026-06-25T22:09:13+00:00
Liechtenstein,2026-06-27,2022-06-27,2026-06-27,259,37,2022-09-22,2026-06-07,calibrated_4y_40m_hl365,37,0.234,0.264,0.234,2.583,2.573,2.583,-2.349,0.405,2.803,0.18,0.126,0.112,0.112,0.306,0.304,0.306,0.18,0.198,0.09,0.087,0.087,0.451,0.274,0.451,0.198,-0.581,-0.587,-0.581,0.146,0.677,0.146,-0.014,1.0,0.814,0.301,0.405,0.074,0.159,0.578,0.106,0.755,0.5,0,high,high,high,none,high,Large raw-vs-residual defense disagreement.,,,,1479.49,1497.291,915.959,1987.507,1.0,7,12,average,,,Large raw-vs-residual defense disagreement.,,2026-06-25T22:09:13+00:00
Lithuania,2026-06-27,2022-06-27,2026-06-27,433,38,2022-09-22,2026-06-09,calibrated_4y_40m_hl365,38,0.718,0.703,0.718,1.472,1.6,1.472,-0.754,0.995,1.815,0.341,0.326,0.333,0.333,0.374,0.37,0.374,0.341,0.414,0.344,0.377,0.377,0.578,0.551,0.578,0.414,-0.378,-0.391,-0.378,-0.233,-0.154,-0.233,-0.049,1.0,0.962,0.353,0.296,0.175,0.439,0.361,0.151,0.477,0.5,0,high,high,high,none,high,Defense index increased after opponent-quality adjustment.; Attack boosted by opponent adjustment but goal residual is negative.,,,,1548.573,1560.245,1172.824,1940.642,1.0,11,8,average,,Defense index increased after opponent-quality adjustment.,Attack boosted by opponent adjustment but goal residual is negative.,,2026-06-25T22:09:13+00:00
Luhansk PR,2026-06-27,2022-06-27,2026-06-27,6,0,,,calibrated_4y_40m_hl365,0,,,,,,,,1.5,2.0,0.5,0.5,0.5,0.5,0.5,0.5,0.5,0.5,0.5,0.5,0.5,0.5,0.5,0.5,0.5,0.5,,,,,,,,0.0,,,,0.5,,,,,0.5,0,insufficient,insufficient,insufficient,none,insufficient,Fewer than 8 recent matches; behavior is insufficient.; No recent match date available.; Opponent Elo missing for recent matches; schedule strength unknown.; Residual coverage is 0%; residual behavior is unreliable.,Fewer than 8 recent matches; behavior is insufficient.,No recent match date available.,,,,,,0.0,0,0,unknown,Opponent Elo missing for recent matches; schedule strength unknown.,,Residual coverage is 0%; residual behavior is unreliable.,,2026-06-25T22:09:13+00:00
Luxembourg,2026-06-27,2022-06-27,2026-06-27,467,36,2022-09-22,2026-06-06,calibrated_4y_40m_hl365,36,0.427,0.414,0.427,1.415,1.599,1.415,-0.989,0.634,2.578,0.209,0.181,0.188,0.188,0.273,0.279,0.273,0.209,0.424,0.356,0.405,0.405,0.583,0.532,0.583,0.424,-0.682,-0.664,-0.682,-0.25,-0.096,-0.25,-0.056,1.0,0.95,0.337,0.361,0.183,0.185,0.266,0.177,0.7,0.5,0,high,high,high,none,high,Recent goals-against differs from all-time by -1.16.; Recent schedule skews toward strong opponents.; Defense index increased after opponent-quality adjustment.; Attack boosted by opponent adjustment but goal residual is negative.,,,,1638.012,1633.441,1083.555,2050.893,1.0,13,4,strong,Recent schedule skews toward strong opponents.,Defense index increased after opponent-quality adjustment.,Attack boosted by opponent adjustment but goal residual is negative.,,2026-06-25T22:09:13+00:00
Macau,2026-06-27,2022-06-27,2026-06-27,148,12,2023-03-26,2026-03-29,calibrated_4y_40m_hl365,12,0.32,0.394,0.32,3.286,3.132,3.286,-2.966,0.77,3.095,0.219,0.19,0.155,0.155,0.287,0.293,0.287,0.219,0.087,0.047,0.012,0.012,0.181,0.0,0.181,0.087,-0.638,-0.622,-0.638,0.958,1.878,0.958,-0.195,1.0,0.756,0.683,0.783,0.005,0.394,0.783,0.028,0.606,0.5,0,low,low,low,none,low,Recent schedule skews toward weak opponents.; Attack index reduced after opponent-quality adjustment. Defense index reduced after opponent-quality adjustment.; Attack residuals are concentrated in the top 3 matches (68%). Defense residuals are concentrated in the top 3 matches (78%).,,,,1169.634,1165.498,945.043,1423.151,1.0,0,11,weak,Recent schedule skews toward weak opponents.,Attack index reduced after opponent-quality adjustment. Defense index reduced after opponent-quality adjustment.,,Attack residuals are concentrated in the top 3 matches (68%). Defense residuals are concentrated in the top 3 matches (78%).,2026-06-25T22:09:13+00:00
Madagascar,2026-06-27,2022-06-27,2026-06-27,320,35,2022-07-12,2026-06-02,calibrated_4y_40m_hl365,35,1.514,1.568,1.514,1.504,1.596,1.504,0.01,1.356,1.512,0.6,0.614,0.595,0.595,0.565,0.615,0.565,0.6,0.426,0.387,0.409,0.409,0.517,0.457,0.517,0.426,0.195,0.346,0.195,-0.052,0.129,-0.052,0.125,1.0,0.9,0.336,0.387,0.489,0.589,0.619,0.186,0.258,0.5,0,high,high,high,none,high,,,,,1503.023,1476.136,1129.121,1917.163,1.0,3,4,average,,,,,2026-06-25T22:09:13+00:00
Madrid,2026-06-27,2022-06-27,2026-06-27,1,0,,,calibrated_4y_40m_hl365,0,,,,,,,,1.0,2.0,0.5,0.5,0.5,0.5,0.5,0.5,0.5,0.5,0.5,0.5,0.5,0.5,0.5,0.5,0.5,0.5,,,,,,,,0.0,,,,0.5,,,,,0.5,0,insufficient,insufficient,insufficient,none,insufficient,Fewer than 8 recent matches; behavior is insufficient.; No recent match date available.; Opponent Elo missing for recent matches; schedule strength unknown.; Residual coverage is 0%; residual behavior is unreliable.,Fewer than 8 recent matches; behavior is insufficient.,No recent match date available.,,,,,,0.0,0,0,unknown,Opponent Elo missing for recent matches; schedule strength unknown.,,Residual coverage is 0%; residual behavior is unreliable.,,2026-06-25T22:09:13+00:00
Malawi,2026-06-27,2022-06-27,2026-06-27,644,35,2022-07-06,2026-06-09,calibrated_4y_40m_hl365,35,0.931,0.955,0.931,1.062,1.048,1.062,-0.131,1.169,1.292,0.382,0.395,0.384,0.384,0.351,0.369,0.351,0.382,0.562,0.54,0.538,0.538,0.613,0.615,0.613,0.562,-0.448,-0.394,-0.448,-0.34,-0.344,-0.34,-0.072,1.0,0.96,0.387,0.306,0.354,0.309,0.366,0.25,0.509,0.5,0,high,high,high,none,high,,,,,1472.96,1437.685,1117.57,1799.447,1.0,6,5,average,,,,,2026-06-25T22:09:13+00:00
Malaysia,2026-06-27,2022-06-27,2026-06-27,835,40,2022-12-21,2025-11-18,calibrated_4y_40m_hl365,40,1.749,1.972,1.749,0.906,0.867,0.906,0.843,1.632,1.45,0.659,0.721,0.624,0.624,0.517,0.636,0.517,0.659,0.628,0.637,0.609,0.609,0.607,0.596,0.607,0.628,0.05,0.407,0.05,-0.322,-0.288,-0.322,0.085,1.0,0.873,0.379,0.319,0.628,0.377,0.556,0.4,0.182,0.5,0,moderate,moderate,moderate,none,moderate,Recent schedule skews toward weak opponents.; Attack index reduced after opponent-quality adjustment.,,,,1401.796,1454.474,975.645,1852.274,1.0,2,16,weak,Recent schedule skews toward weak opponents.,Attack index reduced after opponent-quality adjustment.,,,2026-06-25T22:09:13+00:00
Maldives,2026-06-27,2022-06-27,2026-06-27,233,23,2022-09-21,2026-06-01,calibrated_4y_40m_hl365,23,0.329,0.419,0.329,2.225,1.979,2.225,-1.896,1.189,2.258,0.189,0.175,0.139,0.139,0.222,0.231,0.222,0.189,0.271,0.22,0.149,0.149,0.39,0.352,0.39,0.271,-0.834,-0.806,-0.834,0.33,0.444,0.33,-0.261,1.0,0.896,0.47,0.499,0.069,0.184,0.47,0.07,0.724,0.5,0,moderate,moderate,moderate,none,moderate,Recent schedule skews toward weak opponents.; Attack index reduced after opponent-quality adjustment. Defense index reduced after opponent-quality adjustment.,,,,1205.833,1152.766,956.575,1479.898,1.0,0,18,weak,Recent schedule skews toward weak opponents.,Attack index reduced after opponent-quality adjustment. Defense index reduced after opponent-quality adjustment.,,,2026-06-25T22:09:13+00:00
Mali,2026-06-27,2022-06-27,2026-06-27,569,40,2022-09-23,2026-06-04,calibrated_4y_40m_hl365,40,1.305,1.294,1.305,0.595,0.66,0.595,0.71,1.311,1.1,0.457,0.494,0.499,0.499,0.37,0.436,0.37,0.457,0.692,0.692,0.704,0.704,0.69,0.692,0.69,0.692,-0.39,-0.191,-0.39,-0.571,-0.577,-0.571,-0.027,1.0,0.944,0.29,0.284,0.513,0.357,0.272,0.438,0.375,0.5,0,high,high,high,none,high,Attack boosted by opponent adjustment but goal residual is negative. Schedule strength may be misleading; residuals do not support the full opponent boost.,,,,1550.443,1505.58,1298.974,1904.574,1.0,7,5,average,,,Attack boosted by opponent adjustment but goal residual is negative. Schedule strength may be misleading; residuals do not support the full opponent boost.,,2026-06-25T22:09:13+00:00
Malta,2026-06-27,2022-06-27,2026-06-27,458,35,2022-09-23,2026-06-05,calibrated_4y_40m_hl365,35,0.806,0.809,0.806,1.559,1.717,1.559,-0.753,0.651,2.242,0.386,0.365,0.366,0.366,0.435,0.425,0.435,0.386,0.437,0.364,0.403,0.403,0.608,0.476,0.608,0.437,-0.196,-0.226,-0.196,-0.324,0.071,-0.324,0.109,1.0,0.916,0.386,0.388,0.282,0.34,0.431,0.299,0.434,0.5,0,high,high,high,none,high,Recent schedule skews toward strong opponents.; Defense index increased after opponent-quality adjustment.; Attack boosted by opponent adjustment but goal residual is negative.,,,,1582.354,1600.154,945.078,2012.482,1.0,13,7,strong,Recent schedule skews toward strong opponents.,Defense index increased after opponent-quality adjustment.,Attack boosted by opponent adjustment but goal residual is negative.,,2026-06-25T22:09:13+00:00
Manchukuo,2026-06-27,2022-06-27,2026-06-27,3,0,,,calibrated_4y_40m_hl365,0,,,,,,,,0.0,5.333,0.5,0.5,0.5,0.5,0.5,0.5,0.5,0.5,0.5,0.5,0.5,0.5,0.5,0.5,0.5,0.5,,,,,,,,0.0,,,,0.5,,,,,0.5,0,insufficient,insufficient,insufficient,none,insufficient,Fewer than 8 recent matches; behavior is insufficient.; No recent match date available.; Opponent Elo missing for recent matches; schedule strength unknown.; Residual coverage is 0%; residual behavior is unreliable.,Fewer than 8 recent matches; behavior is insufficient.,No recent match date available.,,,,,,0.0,0,0,unknown,Opponent Elo missing for recent matches; schedule strength unknown.,,Residual coverage is 0%; residual behavior is unreliable.,,2026-06-25T22:09:13+00:00
Mapuche,2026-06-27,2022-06-27,2026-06-27,2,0,,,calibrated_4y_40m_hl365,0,,,,,,,,1.5,1.0,0.5,0.5,0.5,0.5,0.5,0.5,0.5,0.5,0.5,0.5,0.5,0.5,0.5,0.5,0.5,0.5,,,,,,,,0.0,,,,0.5,,,,,0.5,0,insufficient,insufficient,insufficient,none,insufficient,Fewer than 8 recent matches; behavior is insufficient.; No recent match date available.; Opponent Elo missing for recent matches; schedule strength unknown.; Residual coverage is 0%; residual behavior is unreliable.,Fewer than 8 recent matches; behavior is insufficient.,No recent match date available.,,,,,,0.0,0,0,unknown,Opponent Elo missing for recent matches; schedule strength unknown.,,Residual coverage is 0%; residual behavior is unreliable.,,2026-06-25T22:09:13+00:00
Marshall Islands,2026-06-27,2022-06-27,2026-06-27,2,2,2025-08-14,2025-08-16,calibrated_4y_40m_hl365,2,0.754,1.003,0.754,3.875,3.499,3.875,-3.12,1.0,3.5,0.397,0.447,0.337,0.337,0.279,0.116,0.279,0.397,0.0,0.0,0.0,0.0,0.0,0.0,0.0,0.0,-0.663,-1.151,-0.663,1.75,2.65,1.75,-0.91,1.0,0.795,1.0,1.0,0.0,0.501,1.0,0.0,0.499,0.5,0,insufficient,insufficient,insufficient,none,insufficient,Fewer than 8 recent matches; behavior is insufficient.; Recent schedule skews toward weak opponents.; Attack index reduced after opponent-quality adjustment.; Attack residuals are concentrated in the top 3 matches (100%). Defense residuals are concentrated in the top 3 matches (100%).,Fewer than 8 recent matches; behavior is insufficient.,,,1065.646,1065.646,1027.653,1103.638,1.0,0,2,weak,Recent schedule skews toward weak opponents.,Attack index reduced after opponent-quality adjustment.,,Attack residuals are concentrated in the top 3 matches (100%). Defense residuals are concentrated in the top 3 matches (100%).,2026-06-25T22:09:13+00:00
Martinique,2026-06-27,2022-06-27,2026-06-27,331,21,2023-03-25,2026-03-29,calibrated_4y_40m_hl365,21,0.663,0.685,0.663,1.246,1.219,1.246,-0.583,1.77,1.302,0.285,0.298,0.29,0.29,0.254,0.26,0.254,0.285,0.485,0.464,0.456,0.456,0.534,0.519,0.534,0.485,-0.737,-0.72,-0.737,-0.102,-0.057,-0.102,-0.261,1.0,0.997,0.5,0.449,0.224,0.306,0.308,0.246,0.61,0.5,0,moderate,moderate,moderate,none,moderate,Recent goals-for differs from all-time by -1.11.,,,,1531.225,1521.536,1320.424,1797.934,1.0,4,1,average,,,,,2026-06-25T22:09:13+00:00
Matabeleland,2026-06-27,2022-06-27,2026-06-27,8,0,,,calibrated_4y_40m_hl365,0,,,,,,,,0.875,1.75,0.5,0.5,0.5,0.5,0.5,0.5,0.5,0.5,0.5,0.5,0.5,0.5,0.5,0.5,0.5,0.5,,,,,,,,0.0,,,,0.5,,,,,0.5,0,insufficient,insufficient,insufficient,none,insufficient,Fewer than 8 recent matches; behavior is insufficient.; No recent match date available.; Opponent Elo missing for recent matches; schedule strength unknown.; Residual coverage is 0%; residual behavior is unreliable.,Fewer than 8 recent matches; behavior is insufficient.,No recent match date available.,,,,,,0.0,0,0,unknown,Opponent Elo missing for recent matches; schedule strength unknown.,,Residual coverage is 0%; residual behavior is unreliable.,,2026-06-25T22:09:13+00:00
Maule Sur,2026-06-27,2022-06-27,2026-06-27,2,0,,,calibrated_4y_40m_hl365,0,,,,,,,,1.0,0.0,0.5,0.5,0.5,0.5,0.5,0.5,0.5,0.5,0.5,0.5,0.5,0.5,0.5,0.5,0.5,0.5,,,,,,,,0.0,,,,0.5,,,,,0.5,0,insufficient,insufficient,insufficient,none,insufficient,Fewer than 8 recent matches; behavior is insufficient.; No recent match date available.; Opponent Elo missing for recent matches; schedule strength unknown.; Residual coverage is 0%; residual behavior is unreliable.,Fewer than 8 recent matches; behavior is insufficient.,No recent match date available.,,,,,,0.0,0,0,unknown,Opponent Elo missing for recent matches; schedule strength unknown.,,Residual coverage is 0%; residual behavior is unreliable.,,2026-06-25T22:09:13+00:00
Mauritania,2026-06-27,2022-06-27,2026-06-27,273,39,2022-09-24,2026-06-08,calibrated_4y_40m_hl365,39,0.613,0.598,0.613,1.086,1.183,1.086,-0.473,0.725,1.59,0.283,0.276,0.284,0.284,0.299,0.297,0.299,0.283,0.553,0.508,0.529,0.529,0.658,0.631,0.658,0.553,-0.602,-0.608,-0.602,-0.475,-0.394,-0.475,0.006,1.0,0.966,0.365,0.311,0.298,0.262,0.228,0.372,0.55,0.5,0,high,high,high,none,high,Attack boosted by opponent adjustment but goal residual is negative.,,,,1577.475,1545.399,1292.754,2054.997,1.0,9,2,average,,,Attack boosted by opponent adjustment but goal residual is negative.,,2026-06-25T22:09:13+00:00
Mauritius,2026-06-27,2022-06-27,2026-06-27,325,28,2022-07-06,2025-10-13,calibrated_4y_40m_hl365,28,0.545,0.588,0.545,1.578,1.59,1.578,-1.032,1.268,1.609,0.278,0.247,0.231,0.231,0.351,0.352,0.351,0.278,0.409,0.342,0.346,0.346,0.567,0.571,0.567,0.409,-0.447,-0.445,-0.447,-0.202,-0.213,-0.202,0.007,1.0,0.992,0.465,0.578,0.158,0.321,0.343,0.23,0.629,0.5,0,moderate,moderate,moderate,none,moderate,Recent schedule skews toward weak opponents.,,,,1424.896,1411.116,1090.09,1713.575,1.0,1,8,weak,Recent schedule skews toward weak opponents.,,,,2026-06-25T22:09:13+00:00
Mayotte,2026-06-27,2022-06-27,2026-06-27,38,2,2023-08-24,2023-08-26,calibrated_4y_40m_hl365,2,0.0,0.0,0.0,0.0,0.0,0.0,0.0,1.342,1.474,0.019,0.0,0.0,0.0,0.062,0.062,0.062,0.019,0.991,1.0,0.997,0.997,0.969,0.969,0.969,0.991,-1.315,-1.315,-1.315,-1.407,-1.407,-1.407,0.085,1.0,1.0,1.0,1.0,0.281,0.0,0.0,0.99,1.0,0.5,0,insufficient,insufficient,insufficient,none,insufficient,Fewer than 8 recent matches; behavior is insufficient.; Latest match is 1036 days before reference date.; Recent goals-for differs from all-time by -1.34. Recent goals-against differs from all-time by -1.47.; Attack residuals are concentrated in the top 3 matches (100%). Defense residuals are concentrated in the top 3 matches (100%).,Fewer than 8 recent matches; behavior is insufficient.,Latest match is 1036 days before reference date.,,1483.013,1483.013,1374.488,1591.537,1.0,0,0,average,,,,Attack residuals are concentrated in the top 3 matches (100%). Defense residuals are concentrated in the top 3 matches (100%).,2026-06-25T22:09:13+00:00
Menorca,2026-06-27,2022-06-27,2026-06-27,25,4,2023-07-09,2023-07-13,calibrated_4y_40m_hl365,4,1.238,1.247,1.238,1.641,1.751,1.641,-0.403,2.24,1.28,0.393,0.426,0.417,0.417,0.316,0.525,0.316,0.393,0.357,0.34,0.363,0.363,0.397,0.351,0.397,0.357,-0.551,0.075,-0.551,0.31,0.446,0.31,-0.308,1.0,0.785,0.853,0.919,0.273,0.252,0.75,0.241,0.5,0.5,0,insufficient,insufficient,insufficient,none,insufficient,Fewer than 8 recent matches; behavior is insufficient.; Latest match is 1080 days before reference date.; Recent goals-for differs from all-time by -1.00.; Defense boosted by opponent adjustment but goals-against residual is poor.; Attack residuals are concentrated in the top 3 matches (85%). Defense residuals are concentrated in the top 3 matches (92%).,Fewer than 8 recent matches; behavior is insufficient.,Latest match is 1080 days before reference date.,,1529.72,1465.452,1442.462,1745.513,1.0,1,0,average,,,Defense boosted by opponent adjustment but goals-against residual is poor.,Attack residuals are concentrated in the top 3 matches (85%). Defense residuals are concentrated in the top 3 matches (92%).,2026-06-25T22:09:13+00:00
Mexico,2026-06-27,2022-06-27,2026-06-27,1006,40,2024-03-21,2026-06-18,calibrated_4y_40m_hl365,40,1.732,1.566,1.732,0.389,0.454,0.389,1.343,1.761,1.048,0.601,0.658,0.738,0.738,0.466,0.506,0.466,0.601,0.795,0.811,0.857,0.857,0.757,0.74,0.757,0.795,-0.101,0.018,-0.101,-0.772,-0.72,-0.772,0.144,1.0,0.96,0.216,0.362,0.829,0.212,0.24,0.845,0.156,0.5,0,high,high,high,none,high,Recent schedule skews toward strong opponents.; Attack index increased after opponent-quality adjustment. Defense index increased after opponent-quality adjustment.; Attack boosted by opponent adjustment but goal residual is negative. Schedule strength may be misleading; residuals do not support the full opponent boost.,,,,1776.53,1795.728,1486.712,2010.115,1.0,28,0,strong,Recent schedule skews toward strong opponents.,Attack index increased after opponent-quality adjustment. Defense index increased after opponent-quality adjustment.,Attack boosted by opponent adjustment but goal residual is negative. Schedule strength may be misleading; residuals do not support the full opponent boost.,,2026-06-25T22:09:13+00:00
Micronesia,2026-06-27,2022-06-27,2026-06-27,7,0,,,calibrated_4y_40m_hl365,0,,,,,,,,1.143,8.429,0.5,0.5,0.5,0.5,0.5,0.5,0.5,0.5,0.5,0.5,0.5,0.5,0.5,0.5,0.5,0.5,,,,,,,,0.0,,,,0.5,,,,,0.5,0,insufficient,insufficient,insufficient,none,insufficient,Fewer than 8 recent matches; behavior is insufficient.; No recent match date available.; Opponent Elo missing for recent matches; schedule strength unknown.; Residual coverage is 0%; residual behavior is unreliable.,Fewer than 8 recent matches; behavior is insufficient.,No recent match date available.,,,,,,0.0,0,0,unknown,Opponent Elo missing for recent matches; schedule strength unknown.,,Residual coverage is 0%; residual behavior is unreliable.,,2026-06-25T22:09:13+00:00
Moldova,2026-06-27,2022-06-27,2026-06-27,299,37,2022-09-22,2026-06-09,calibrated_4y_40m_hl365,37,0.834,0.852,0.834,2.185,2.255,2.185,-1.351,0.813,1.746,0.402,0.391,0.383,0.383,0.426,0.42,0.426,0.402,0.235,0.156,0.176,0.176,0.419,0.167,0.419,0.235,-0.221,-0.239,-0.221,0.242,1.0,0.242,-0.048,1.0,0.893,0.316,0.317,0.149,0.538,0.487,0.079,0.373,0.5,0,high,high,high,none,high,Recent schedule includes both strong and weak opponents.; Defense boosted by opponent adjustment but goals-against residual is poor. Large raw-vs-residual defense disagreement.,,,,1518.239,1560.637,933.083,1906.067,1.0,12,10,mixed,Recent schedule includes both strong and weak opponents.,,Defense boosted by opponent adjustment but goals-against residual is poor. Large raw-vs-residual defense disagreement.,,2026-06-25T22:09:13+00:00
Monaco,2026-06-27,2022-06-27,2026-06-27,24,0,,,calibrated_4y_40m_hl365,0,,,,,,,,1.708,3.667,0.5,0.5,0.5,0.5,0.5,0.5,0.5,0.5,0.5,0.5,0.5,0.5,0.5,0.5,0.5,0.5,,,,,,,,0.0,,,,0.5,,,,,0.5,0,insufficient,insufficient,insufficient,none,insufficient,Fewer than 8 recent matches; behavior is insufficient.; No recent match date available.; Opponent Elo missing for recent matches; schedule strength unknown.; Residual coverage is 0%; residual behavior is unreliable.,Fewer than 8 recent matches; behavior is insufficient.,No recent match date available.,,,,,,0.0,0,0,unknown,Opponent Elo missing for recent matches; schedule strength unknown.,,Residual coverage is 0%; residual behavior is unreliable.,,2026-06-25T22:09:13+00:00
Mongolia,2026-06-27,2022-06-27,2026-06-27,103,13,2023-03-25,2026-06-05,calibrated_4y_40m_hl365,13,0.28,0.368,0.28,2.675,2.568,2.675,-2.395,1.136,3.068,0.189,0.168,0.128,0.128,0.237,0.225,0.237,0.189,0.164,0.09,0.057,0.057,0.336,0.167,0.336,0.164,-0.788,-0.826,-0.788,0.492,1.0,0.492,-0.197,1.0,0.82,0.515,0.567,0.078,0.137,0.548,0.076,0.762,0.5,0,low,low,low,none,low,Recent schedule skews toward weak opponents.; Attack index reduced after opponent-quality adjustment. Defense index reduced after opponent-quality adjustment.,,,,1265.889,1275.897,939.134,1625.836,1.0,0,8,weak,Recent schedule skews toward weak opponents.,Attack index reduced after opponent-quality adjustment. Defense index reduced after opponent-quality adjustment.,,,2026-06-25T22:09:13+00:00
Montenegro,2026-06-27,2022-06-27,2026-06-27,170,38,2022-09-23,2026-06-05,calibrated_4y_40m_hl365,38,1.145,1.164,1.145,1.694,1.851,1.694,-0.549,1.182,1.371,0.489,0.506,0.499,0.499,0.451,0.43,0.451,0.489,0.325,0.28,0.319,0.319,0.43,0.366,0.43,0.325,-0.147,-0.209,-0.147,0.209,0.403,0.209,-0.054,1.0,0.942,0.325,0.307,0.342,0.456,0.596,0.167,0.372,0.5,0,high,high,high,none,high,Recent schedule skews toward strong opponents.; Defense index increased after opponent-quality adjustment.; Defense boosted by opponent adjustment but goals-against residual is poor.,,,,1592.712,1646.602,1049.229,1983.239,1.0,14,7,strong,Recent schedule skews toward strong opponents.,Defense index increased after opponent-quality adjustment.,Defense boosted by opponent adjustment but goals-against residual is poor.,,2026-06-25T22:09:13+00:00
Montserrat,2026-06-27,2022-06-27,2026-06-27,66,18,2023-03-25,2025-06-10,calibrated_4y_40m_hl365,18,0.639,0.695,0.639,1.98,1.915,1.98,-1.341,1.091,2.955,0.315,0.306,0.284,0.284,0.336,0.333,0.336,0.315,0.332,0.282,0.256,0.256,0.449,0.38,0.449,0.332,-0.492,-0.501,-0.492,0.154,0.36,0.154,-0.053,1.0,0.904,0.457,0.483,0.245,0.322,0.567,0.21,0.455,0.5,0,low,low,low,none,low,Latest match is 382 days before reference date.; Recent goals-against differs from all-time by -0.98.; Recent schedule skews toward weak opponents.,,Latest match is 382 days before reference date.,,1414.973,1420.031,1216.001,1773.707,1.0,1,7,weak,Recent schedule skews toward weak opponents.,,,,2026-06-25T22:09:13+00:00
Morocco,2026-06-27,2022-06-27,2026-06-27,619,40,2024-03-22,2026-06-19,calibrated_4y_40m_hl365,40,2.013,1.896,2.013,0.291,0.333,0.291,1.722,1.483,0.8,0.652,0.73,0.775,0.775,0.468,0.566,0.468,0.652,0.809,0.843,0.863,0.863,0.73,0.734,0.73,0.809,-0.095,0.198,-0.095,-0.689,-0.702,-0.689,0.104,1.0,0.908,0.202,0.268,0.85,0.303,0.364,0.733,0.065,0.5,0,high,high,high,none,high,Attack index increased after opponent-quality adjustment.; Attack boosted by opponent adjustment but goal residual is negative. Large raw-vs-residual attack disagreement. Schedule strength may be misleading; residuals do not support the full opponent boost.,,,,1579.912,1552.516,1375.231,1975.515,1.0,10,0,average,,Attack index increased after opponent-quality adjustment.,Attack boosted by opponent adjustment but goal residual is negative. Large raw-vs-residual attack disagreement. Schedule strength may be misleading; residuals do not support the full opponent boost.,,2026-06-25T22:09:13+00:00
Mozambique,2026-06-27,2022-06-27,2026-06-27,375,40,2022-11-17,2026-06-09,calibrated_4y_40m_hl365,40,1.101,1.117,1.101,1.585,1.653,1.585,-0.485,1.032,1.293,0.464,0.472,0.464,0.464,0.447,0.431,0.447,0.464,0.394,0.345,0.358,0.358,0.509,0.414,0.509,0.394,-0.16,-0.206,-0.16,-0.028,0.257,-0.028,-0.02,1.0,0.921,0.331,0.303,0.366,0.463,0.568,0.169,0.346,0.5,0,high,high,high,none,high,,,,,1536.88,1521.921,1094.835,1885.959,1.0,8,6,average,,,,,2026-06-25T22:09:13+00:00
Myanmar,2026-06-27,2022-06-27,2026-06-27,512,36,2022-09-21,2026-06-09,calibrated_4y_40m_hl365,36,1.227,1.319,1.227,2.357,2.29,2.357,-1.129,1.604,1.652,0.514,0.518,0.459,0.459,0.506,0.643,0.506,0.514,0.257,0.196,0.172,0.172,0.399,0.162,0.399,0.257,0.017,0.428,0.017,0.304,1.015,0.304,0.051,1.0,0.758,0.446,0.395,0.265,0.628,0.743,0.098,0.276,0.5,0,high,high,high,none,high,Recent schedule skews toward weak opponents.; Attack index reduced after opponent-quality adjustment.,,,,1352.373,1357.409,985.972,1911.349,1.0,2,16,weak,Recent schedule skews toward weak opponents.,Attack index reduced after opponent-quality adjustment.,,,2026-06-25T22:09:13+00:00
Namibia,2026-06-27,2022-06-27,2026-06-27,279,35,2022-07-12,2026-03-28,calibrated_4y_40m_hl365,35,0.637,0.692,0.637,1.399,1.407,1.399,-0.762,0.978,1.423,0.288,0.296,0.275,0.275,0.269,0.277,0.269,0.288,0.468,0.446,0.444,0.444,0.518,0.489,0.518,0.468,-0.694,-0.669,-0.694,-0.055,0.033,-0.055,-0.176,1.0,0.93,0.383,0.356,0.241,0.309,0.465,0.356,0.52,0.5,0,high,high,high,none,high,,,,,1530.404,1491.347,1207.148,1780.417,1.0,6,2,average,,,,,2026-06-25T22:09:13+00:00
Nepal,2026-06-27,2022-06-27,2026-06-27,268,30,2022-09-27,2025-11-18,calibrated_4y_40m_hl365,30,0.454,0.537,0.454,1.804,1.713,1.804,-1.35,0.854,2.246,0.27,0.25,0.212,0.212,0.316,0.311,0.316,0.27,0.38,0.314,0.279,0.279,0.535,0.498,0.535,0.38,-0.553,-0.566,-0.553,-0.104,0.007,-0.104,-0.081,1.0,0.955,0.459,0.447,0.117,0.341,0.435,0.132,0.58,0.5,0,moderate,moderate,moderate,none,moderate,Recent schedule skews toward weak opponents.; Attack index reduced after opponent-quality adjustment. Defense index reduced after opponent-quality adjustment.,,,,1289.365,1295.292,949.927,1642.736,1.0,0,19,weak,Recent schedule skews toward weak opponents.,Attack index reduced after opponent-quality adjustment. Defense index reduced after opponent-quality adjustment.,,,2026-06-25T22:09:13+00:00
Netherlands,2026-06-27,2022-06-27,2026-06-27,880,40,2023-03-27,2026-06-14,calibrated_4y_40m_hl365,40,2.398,2.259,2.398,0.874,1.024,0.874,1.524,2.094,1.225,0.767,0.842,0.903,0.903,0.593,0.704,0.593,0.767,0.528,0.545,0.583,0.583,0.489,0.516,0.489,0.528,0.278,0.611,0.278,0.034,-0.047,0.034,-0.045,1.0,0.886,0.277,0.353,0.654,0.601,0.701,0.342,0.071,0.5,0,high,high,high,none,high,Recent schedule skews toward strong opponents.; Attack index increased after opponent-quality adjustment. Defense index increased after opponent-quality adjustment.; Schedule strength may be misleading; residuals do not support the full opponent boost.,,,,1725.553,1767.035,1181.262,2094.236,1.0,26,6,strong,Recent schedule skews toward strong opponents.,Attack index increased after opponent-quality adjustment. Defense index increased after opponent-quality adjustment.,Schedule strength may be misleading; residuals do not support the full opponent boost.,,2026-06-25T22:09:13+00:00
New Caledonia,2026-06-27,2022-06-27,2026-06-27,265,18,2022-09-17,2026-03-26,calibrated_4y_40m_hl365,18,1.369,1.39,1.369,0.973,1.058,0.973,0.396,2.634,1.392,0.494,0.512,0.498,0.498,0.453,0.534,0.453,0.494,0.555,0.542,0.556,0.556,0.584,0.585,0.584,0.555,-0.14,0.102,-0.14,-0.253,-0.255,-0.253,-0.047,1.0,0.916,0.61,0.575,0.473,0.275,0.479,0.254,0.451,0.5,0,moderate,moderate,moderate,none,moderate,Recent goals-for differs from all-time by -1.26.; Attack residuals are concentrated in the top 3 matches (61%).,,,,1497.132,1521.472,1144.121,1781.494,1.0,1,3,average,,,,Attack residuals are concentrated in the top 3 matches (61%).,2026-06-25T22:09:13+00:00
New Zealand,2026-06-27,2022-06-27,2026-06-27,417,36,2022-09-22,2026-06-15,calibrated_4y_40m_hl365,36,1.845,1.721,1.845,1.159,1.348,1.159,0.685,1.753,1.501,0.589,0.623,0.684,0.684,0.511,0.719,0.511,0.589,0.449,0.429,0.482,0.482,0.495,0.493,0.495,0.449,0.032,0.657,0.032,0.016,0.022,0.016,-0.054,1.0,0.867,0.387,0.332,0.473,0.429,0.665,0.274,0.317,0.5,0,high,high,high,none,high,Recent schedule skews toward strong opponents.; Attack index increased after opponent-quality adjustment. Defense index increased after opponent-quality adjustment.; Schedule strength may be misleading; residuals do not support the full opponent boost.,,,,1691.908,1722.168,1279.492,1996.719,1.0,19,1,strong,Recent schedule skews toward strong opponents.,Attack index increased after opponent-quality adjustment. Defense index increased after opponent-quality adjustment.,Schedule strength may be misleading; residuals do not support the full opponent boost.,,2026-06-25T22:09:13+00:00
Nicaragua,2026-06-27,2022-06-27,2026-06-27,222,39,2022-09-22,2026-06-05,calibrated_4y_40m_hl365,39,0.835,0.821,0.835,1.493,1.665,1.493,-0.657,1.054,2.405,0.343,0.335,0.346,0.346,0.36,0.382,0.36,0.343,0.409,0.36,0.406,0.406,0.523,0.474,0.523,0.409,-0.42,-0.353,-0.42,-0.07,0.079,-0.07,0.004,1.0,0.903,0.31,0.354,0.295,0.29,0.394,0.266,0.511,0.5,0,high,high,high,none,high,Recent goals-against differs from all-time by -0.91.; Defense index increased after opponent-quality adjustment.; Attack boosted by opponent adjustment but goal residual is negative.,,,,1559.916,1577.739,1224.844,1905.086,1.0,10,7,average,,Defense index increased after opponent-quality adjustment.,Attack boosted by opponent adjustment but goal residual is negative.,,2026-06-25T22:09:13+00:00
Niger,2026-06-27,2022-06-27,2026-06-27,260,34,2022-09-23,2026-06-08,calibrated_4y_40m_hl365,34,1.03,1.02,1.03,1.109,1.14,1.109,-0.079,0.985,1.627,0.41,0.408,0.414,0.414,0.413,0.453,0.413,0.41,0.571,0.532,0.545,0.545,0.663,0.618,0.663,0.571,-0.26,-0.141,-0.26,-0.488,-0.353,-0.488,0.107,1.0,0.947,0.445,0.454,0.408,0.38,0.358,0.295,0.417,0.5,0,high,high,high,none,high,Attack boosted by opponent adjustment but goal residual is negative.,,,,1549.625,1539.802,1108.215,1872.969,1.0,6,2,average,,,Attack boosted by opponent adjustment but goal residual is negative.,,2026-06-25T22:09:13+00:00
Nigeria,2026-06-27,2022-06-27,2026-06-27,661,40,2024-01-08,2026-06-10,calibrated_4y_40m_hl365,40,2.03,1.928,2.03,0.689,0.75,0.689,1.341,1.525,1.002,0.705,0.757,0.802,0.802,0.583,0.643,0.583,0.705,0.653,0.653,0.678,0.678,0.654,0.665,0.654,0.653,0.25,0.43,0.25,-0.461,-0.494,-0.461,0.162,1.0,0.936,0.257,0.267,0.719,0.562,0.552,0.464,0.093,0.5,0,high,high,high,none,high,Attack index increased after opponent-quality adjustment.; Schedule strength may be misleading; residuals do not support the full opponent boost.,,,,1612.601,1617.932,1393.873,1962.728,1.0,11,0,average,,Attack index increased after opponent-quality adjustment.,Schedule strength may be misleading; residuals do not support the full opponent boost.,,2026-06-25T22:09:13+00:00
Niue,2026-06-27,2022-06-27,2026-06-27,2,0,,,calibrated_4y_40m_hl365,0,,,,,,,,0.0,16.5,0.5,0.5,0.5,0.5,0.5,0.5,0.5,0.5,0.5,0.5,0.5,0.5,0.5,0.5,0.5,0.5,,,,,,,,0.0,,,,0.5,,,,,0.5,0,insufficient,insufficient,insufficient,none,insufficient,Fewer than 8 recent matches; behavior is insufficient.; No recent match date available.; Opponent Elo missing for recent matches; schedule strength unknown.; Residual coverage is 0%; residual behavior is unreliable.,Fewer than 8 recent matches; behavior is insufficient.,No recent match date available.,,,,,,0.0,0,0,unknown,Opponent Elo missing for recent matches; schedule strength unknown.,,Residual coverage is 0%; residual behavior is unreliable.,,2026-06-25T22:09:13+00:00
North Korea,2026-06-27,2022-06-27,2026-06-27,390,18,2023-11-16,2025-06-10,calibrated_4y_40m_hl365,18,1.102,1.061,1.102,1.702,1.846,1.702,-0.6,1.61,1.115,0.448,0.449,0.47,0.47,0.445,0.474,0.445,0.448,0.32,0.256,0.297,0.297,0.468,0.389,0.468,0.32,-0.164,-0.077,-0.164,0.097,0.332,0.097,-0.089,1.0,0.912,0.344,0.373,0.2,0.592,0.612,0.064,0.367,0.5,0,low,low,low,none,low,Latest match is 382 days before reference date.; Recent schedule skews toward strong opponents.; Defense index increased after opponent-quality adjustment.; Attack boosted by opponent adjustment but goal residual is negative. Defense boosted by opponent adjustment but goals-against residual is poor. Schedule strength may be misleading; residuals do not support the full opponent boost.,,Latest match is 382 days before reference date.,,1629.943,1691.495,1172.478,1893.04,1.0,9,2,strong,Recent schedule skews toward strong opponents.,Defense index increased after opponent-quality adjustment.,Attack boosted by opponent adjustment but goal residual is negative. Defense boosted by opponent adjustment but goals-against residual is poor. Schedule strength may be misleading; residuals do not support the full opponent boost.,,2026-06-25T22:09:13+00:00
North Macedonia,2026-06-27,2022-06-27,2026-06-27,306,39,2022-09-23,2026-06-01,calibrated_4y_40m_hl365,39,0.978,0.998,0.978,1.239,1.386,1.239,-0.261,1.193,1.346,0.387,0.407,0.398,0.398,0.339,0.371,0.339,0.387,0.543,0.513,0.548,0.548,0.614,0.409,0.614,0.543,-0.483,-0.388,-0.483,-0.343,0.272,-0.343,-0.012,1.0,0.847,0.302,0.343,0.36,0.343,0.436,0.448,0.391,0.5,0,high,high,high,none,high,Recent schedule skews toward strong opponents.; Defense index increased after opponent-quality adjustment.,,,,1590.902,1612.755,1055.553,2012.98,1.0,15,8,strong,Recent schedule skews toward strong opponents.,Defense index increased after opponent-quality adjustment.,,,2026-06-25T22:09:13+00:00
North Vietnam,2026-06-27,2022-06-27,2026-06-27,24,0,,,calibrated_4y_40m_hl365,0,,,,,,,,2.042,2.167,0.5,0.5,0.5,0.5,0.5,0.5,0.5,0.5,0.5,0.5,0.5,0.5,0.5,0.5,0.5,0.5,,,,,,,,0.0,,,,0.5,,,,,0.5,0,insufficient,insufficient,insufficient,none,insufficient,Fewer than 8 recent matches; behavior is insufficient.; No recent match date available.; Opponent Elo missing for recent matches; schedule strength unknown.; Residual coverage is 0%; residual behavior is unreliable.,Fewer than 8 recent matches; behavior is insufficient.,No recent match date available.,,,,,,0.0,0,0,unknown,Opponent Elo missing for recent matches; schedule strength unknown.,,Residual coverage is 0%; residual behavior is unreliable.,,2026-06-25T22:09:13+00:00
Northern Cyprus,2026-06-27,2022-06-27,2026-06-27,34,0,,,calibrated_4y_40m_hl365,0,,,,,,,,2.882,0.912,0.5,0.5,0.5,0.5,0.5,0.5,0.5,0.5,0.5,0.5,0.5,0.5,0.5,0.5,0.5,0.5,,,,,,,,0.0,,,,0.5,,,,,0.5,0,insufficient,insufficient,insufficient,none,insufficient,Fewer than 8 recent matches; behavior is insufficient.; No recent match date available.; Opponent Elo missing for recent matches; schedule strength unknown.; Residual coverage is 0%; residual behavior is unreliable.,Fewer than 8 recent matches; behavior is insufficient.,No recent match date available.,,,,,,0.0,0,0,unknown,Opponent Elo missing for recent matches; schedule strength unknown.,,Residual coverage is 0%; residual behavior is unreliable.,,2026-06-25T22:09:13+00:00
Northern Ireland,2026-06-27,2022-06-27,2026-06-27,707,36,2022-09-24,2026-06-08,calibrated_4y_40m_hl365,36,1.087,1.029,1.087,1.022,1.182,1.022,0.065,1.048,1.833,0.436,0.441,0.47,0.47,0.425,0.443,0.425,0.436,0.554,0.516,0.56,0.56,0.644,0.623,0.644,0.554,-0.226,-0.17,-0.226,-0.433,-0.368,-0.433,0.08,1.0,0.974,0.415,0.325,0.433,0.327,0.303,0.35,0.351,0.5,0,high,high,high,none,high,Recent goals-against differs from all-time by -0.81.; Recent schedule skews toward strong opponents.; Defense index increased after opponent-quality adjustment.; Attack boosted by opponent adjustment but goal residual is negative. Schedule strength may be misleading; residuals do not support the full opponent boost.,,,,1618.417,1648.577,916.546,2036.7,1.0,13,3,strong,Recent schedule skews toward strong opponents.,Defense index increased after opponent-quality adjustment.,Attack boosted by opponent adjustment but goal residual is negative. Schedule strength may be misleading; residuals do not support the full opponent boost.,,2026-06-25T22:09:13+00:00
Northern Mariana Islands,2026-06-27,2022-06-27,2026-06-27,30,6,2023-11-18,2024-04-07,calibrated_4y_40m_hl365,6,1.202,1.57,1.202,2.525,2.368,2.525,-1.322,0.9,4.3,0.618,0.624,0.479,0.479,0.605,0.623,0.605,0.618,0.207,0.163,0.107,0.107,0.309,0.0,0.309,0.207,0.315,0.369,0.315,0.573,1.775,0.573,0.052,1.0,0.772,0.726,0.605,0.278,0.566,1.0,0.112,0.288,0.5,0,insufficient,insufficient,insufficient,none,insufficient,Fewer than 8 recent matches; behavior is insufficient.; Latest match is 811 days before reference date.; Recent goals-against differs from all-time by -1.77.; Recent schedule skews toward weak opponents.; Attack index reduced after opponent-quality adjustment. Defense index reduced after opponent-quality adjustment.; Attack residuals are concentrated in the top 3 matches (73%). Defense residuals are concentrated in the top 3 matches (60%).,Fewer than 8 recent matches; behavior is insufficient.,Latest match is 811 days before reference date.,,1266.747,1203.039,1062.407,1536.761,1.0,0,4,weak,Recent schedule skews toward weak opponents.,Attack index reduced after opponent-quality adjustment. Defense index reduced after opponent-quality adjustment.,,Attack residuals are concentrated in the top 3 matches (73%). Defense residuals are concentrated in the top 3 matches (60%).,2026-06-25T22:09:13+00:00
Norway,2026-06-27,2022-06-27,2026-06-27,873,39,2022-09-24,2026-06-16,calibrated_4y_40m_hl365,39,2.925,2.84,2.925,0.781,0.865,0.781,2.144,1.552,1.623,0.862,0.904,0.942,0.942,0.764,1.0,0.764,0.862,0.611,0.613,0.639,0.639,0.606,0.601,0.606,0.611,0.792,1.755,0.792,-0.319,-0.303,-0.319,0.191,1.0,0.808,0.364,0.28,0.843,0.66,0.78,0.345,0.072,0.5,0,high,high,high,none,high,Recent goals-for differs from all-time by +1.37. Recent goals-against differs from all-time by -0.84.; Recent schedule skews toward strong opponents.; Attack index increased after opponent-quality adjustment.; Schedule strength may be misleading; residuals do not support the full opponent boost.,,,,1673.006,1683.101,1279.344,1989.925,1.0,19,2,strong,Recent schedule skews toward strong opponents.,Attack index increased after opponent-quality adjustment.,Schedule strength may be misleading; residuals do not support the full opponent boost.,,2026-06-25T22:09:13+00:00
Occitania,2026-06-27,2022-06-27,2026-06-27,33,0,,,calibrated_4y_40m_hl365,0,,,,,,,,3.121,1.152,0.5,0.5,0.5,0.5,0.5,0.5,0.5,0.5,0.5,0.5,0.5,0.5,0.5,0.5,0.5,0.5,,,,,,,,0.0,,,,0.5,,,,,0.5,0,insufficient,insufficient,insufficient,none,insufficient,Fewer than 8 recent matches; behavior is insufficient.; No recent match date available.; Opponent Elo missing for recent matches; schedule strength unknown.; Residual coverage is 0%; residual behavior is unreliable.,Fewer than 8 recent matches; behavior is insufficient.,No recent match date available.,,,,,,0.0,0,0,unknown,Opponent Elo missing for recent matches; schedule strength unknown.,,Residual coverage is 0%; residual behavior is unreliable.,,2026-06-25T22:09:13+00:00
Oman,2026-06-27,2022-06-27,2026-06-27,543,40,2023-06-20,2026-06-05,calibrated_4y_40m_hl365,40,0.885,0.866,0.885,0.996,1.086,0.996,-0.111,1.291,1.258,0.36,0.381,0.392,0.392,0.313,0.309,0.313,0.36,0.565,0.548,0.572,0.572,0.603,0.579,0.603,0.565,-0.562,-0.573,-0.562,-0.309,-0.236,-0.309,-0.075,1.0,0.949,0.293,0.29,0.382,0.409,0.426,0.39,0.402,0.5,0,high,high,high,none,high,Attack boosted by opponent adjustment but goal residual is negative. Schedule strength may be misleading; residuals do not support the full opponent boost.,,,,1566.188,1538.907,1105.2,1891.156,1.0,8,3,average,,,Attack boosted by opponent adjustment but goal residual is negative. Schedule strength may be misleading; residuals do not support the full opponent boost.,,2026-06-25T22:09:13+00:00
Orkney,2026-06-27,2022-06-27,2026-06-27,28,7,2023-07-09,2025-07-17,calibrated_4y_40m_hl365,7,2.31,2.423,2.31,1.727,1.745,1.727,0.583,1.357,3.0,0.885,0.89,0.853,0.853,0.873,0.886,0.873,0.885,0.305,0.275,0.271,0.271,0.376,0.408,0.376,0.305,1.12,1.158,1.12,0.372,0.276,0.372,0.268,1.0,0.941,0.904,0.793,0.667,0.743,0.969,0.202,0.031,0.5,0,insufficient,insufficient,insufficient,none,insufficient,Fewer than 8 recent matches; behavior is insufficient.; Recent goals-for differs from all-time by +0.95. Recent goals-against differs from all-time by -1.27.; Attack index reduced after opponent-quality adjustment.; Attack residuals are concentrated in the top 3 matches (90%). Defense residuals are concentrated in the top 3 matches (79%).,Fewer than 8 recent matches; behavior is insufficient.,,,1474.218,1490.575,1323.617,1658.72,1.0,0,2,average,,Attack index reduced after opponent-quality adjustment.,,Attack residuals are concentrated in the top 3 matches (90%). Defense residuals are concentrated in the top 3 matches (79%).,2026-06-25T22:09:13+00:00
Padania,2026-06-27,2022-06-27,2026-06-27,45,0,,,calibrated_4y_40m_hl365,0,,,,,,,,2.689,0.8,0.5,0.5,0.5,0.5,0.5,0.5,0.5,0.5,0.5,0.5,0.5,0.5,0.5,0.5,0.5,0.5,,,,,,,,0.0,,,,0.5,,,,,0.5,0,insufficient,insufficient,insufficient,none,insufficient,Fewer than 8 recent matches; behavior is insufficient.; No recent match date available.; Opponent Elo missing for recent matches; schedule strength unknown.; Residual coverage is 0%; residual behavior is unreliable.,Fewer than 8 recent matches; behavior is insufficient.,No recent match date available.,,,,,,0.0,0,0,unknown,Opponent Elo missing for recent matches; schedule strength unknown.,,Residual coverage is 0%; residual behavior is unreliable.,,2026-06-25T22:09:13+00:00
Pakistan,2026-06-27,2022-06-27,2026-06-27,251,24,2022-11-16,2026-06-10,calibrated_4y_40m_hl365,24,0.81,1.0,0.81,1.266,1.24,1.266,-0.456,0.94,2.299,0.436,0.417,0.339,0.339,0.482,0.479,0.482,0.436,0.609,0.552,0.523,0.523,0.743,0.613,0.743,0.609,-0.055,-0.064,-0.055,-0.73,-0.34,-0.73,0.258,1.0,0.872,0.478,0.527,0.359,0.122,0.375,0.406,0.493,0.5,0,moderate,moderate,moderate,none,moderate,Recent goals-against differs from all-time by -1.03.; Recent schedule skews toward weak opponents.; Attack index reduced after opponent-quality adjustment.,,,,1362.064,1254.034,1106.439,1710.503,1.0,1,13,weak,Recent schedule skews toward weak opponents.,Attack index reduced after opponent-quality adjustment.,,,2026-06-25T22:09:13+00:00
Palau,2026-06-27,2022-06-27,2026-06-27,2,0,,,calibrated_4y_40m_hl365,0,,,,,,,,2.0,10.5,0.5,0.5,0.5,0.5,0.5,0.5,0.5,0.5,0.5,0.5,0.5,0.5,0.5,0.5,0.5,0.5,,,,,,,,0.0,,,,0.5,,,,,0.5,0,insufficient,insufficient,insufficient,none,insufficient,Fewer than 8 recent matches; behavior is insufficient.; No recent match date available.; Opponent Elo missing for recent matches; schedule strength unknown.; Residual coverage is 0%; residual behavior is unreliable.,Fewer than 8 recent matches; behavior is insufficient.,No recent match date available.,,,,,,0.0,0,0,unknown,Opponent Elo missing for recent matches; schedule strength unknown.,,Residual coverage is 0%; residual behavior is unreliable.,,2026-06-25T22:09:13+00:00
Palestine,2026-06-27,2022-06-27,2026-06-27,249,36,2023-03-25,2026-06-09,calibrated_4y_40m_hl365,36,0.869,0.809,0.869,0.92,1.022,0.92,-0.051,1.333,1.39,0.355,0.36,0.387,0.387,0.342,0.353,0.342,0.355,0.606,0.579,0.607,0.607,0.669,0.647,0.669,0.606,-0.474,-0.44,-0.474,-0.507,-0.441,-0.507,0.04,1.0,0.968,0.305,0.261,0.349,0.391,0.375,0.455,0.451,0.5,0,high,high,high,none,high,Recent schedule skews toward strong opponents.; Attack boosted by opponent adjustment but goal residual is negative. Schedule strength may be misleading; residuals do not support the full opponent boost.,,,,1607.495,1643.673,1174.4,1861.975,1.0,13,3,strong,Recent schedule skews toward strong opponents.,,Attack boosted by opponent adjustment but goal residual is negative. Schedule strength may be misleading; residuals do not support the full opponent boost.,,2026-06-25T22:09:13+00:00
Panama,2026-06-27,2022-06-27,2026-06-27,541,40,2023-11-16,2026-06-17,calibrated_4y_40m_hl365,40,1.463,1.402,1.463,0.98,1.055,0.98,0.483,1.255,1.523,0.497,0.543,0.573,0.573,0.391,0.444,0.391,0.497,0.546,0.541,0.562,0.562,0.557,0.508,0.557,0.546,-0.327,-0.169,-0.327,-0.172,-0.023,-0.172,-0.122,1.0,0.941,0.393,0.22,0.513,0.471,0.376,0.271,0.301,0.5,0,high,high,high,none,high,Recent schedule skews toward strong opponents.; Attack boosted by opponent adjustment but goal residual is negative. Schedule strength may be misleading; residuals do not support the full opponent boost.,,,,1668.957,1666.942,1303.839,1977.435,1.0,15,2,strong,Recent schedule skews toward strong opponents.,,Attack boosted by opponent adjustment but goal residual is negative. Schedule strength may be misleading; residuals do not support the full opponent boost.,,2026-06-25T22:09:13+00:00
Panjab,2026-06-27,2022-06-27,2026-06-27,19,0,,,calibrated_4y_40m_hl365,0,,,,,,,,2.842,1.579,0.5,0.5,0.5,0.5,0.5,0.5,0.5,0.5,0.5,0.5,0.5,0.5,0.5,0.5,0.5,0.5,,,,,,,,0.0,,,,0.5,,,,,0.5,0,insufficient,insufficient,insufficient,none,insufficient,Fewer than 8 recent matches; behavior is insufficient.; No recent match date available.; Opponent Elo missing for recent matches; schedule strength unknown.; Residual coverage is 0%; residual behavior is unreliable.,Fewer than 8 recent matches; behavior is insufficient.,No recent match date available.,,,,,,0.0,0,0,unknown,Opponent Elo missing for recent matches; schedule strength unknown.,,Residual coverage is 0%; residual behavior is unreliable.,,2026-06-25T22:09:13+00:00
Papua New Guinea,2026-06-27,2022-06-27,2026-06-27,155,25,2022-09-24,2025-11-23,calibrated_4y_40m_hl365,25,1.527,1.545,1.527,1.462,1.47,1.462,0.065,2.168,2.013,0.639,0.665,0.658,0.658,0.578,0.569,0.578,0.639,0.441,0.413,0.412,0.412,0.508,0.444,0.508,0.441,0.235,0.207,0.235,-0.023,0.168,-0.023,0.094,1.0,0.961,0.426,0.455,0.491,0.635,0.588,0.293,0.083,0.5,0,moderate,moderate,moderate,none,moderate,,,,,1459.887,1499.505,1021.231,1570.85,1.0,0,5,average,,,,,2026-06-25T22:09:13+00:00
Paraguay,2026-06-27,2022-06-27,2026-06-27,785,40,2022-08-31,2026-06-19,calibrated_4y_40m_hl365,40,1.327,1.128,1.327,0.975,1.183,0.975,0.352,1.28,1.423,0.478,0.499,0.592,0.592,0.428,0.441,0.428,0.478,0.581,0.55,0.631,0.631,0.653,0.581,0.653,0.581,-0.217,-0.177,-0.217,-0.459,-0.243,-0.459,0.139,1.0,0.941,0.252,0.437,0.55,0.404,0.453,0.595,0.208,0.5,0,high,high,high,none,high,Recent schedule skews toward strong opponents.; Attack index increased after opponent-quality adjustment. Defense index increased after opponent-quality adjustment.; Attack boosted by opponent adjustment but goal residual is negative. Schedule strength may be misleading; residuals do not support the full opponent boost.,,,,1821.871,1833.613,1440.223,2073.579,1.0,34,0,strong,Recent schedule skews toward strong opponents.,Attack index increased after opponent-quality adjustment. Defense index increased after opponent-quality adjustment.,Attack boosted by opponent adjustment but goal residual is negative. Schedule strength may be misleading; residuals do not support the full opponent boost.,,2026-06-25T22:09:13+00:00
Parishes of Jersey,2026-06-27,2022-06-27,2026-06-27,3,0,,,calibrated_4y_40m_hl365,0,,,,,,,,3.667,1.333,0.5,0.5,0.5,0.5,0.5,0.5,0.5,0.5,0.5,0.5,0.5,0.5,0.5,0.5,0.5,0.5,,,,,,,,0.0,,,,0.5,,,,,0.5,0,insufficient,insufficient,insufficient,none,insufficient,Fewer than 8 recent matches; behavior is insufficient.; No recent match date available.; Opponent Elo missing for recent matches; schedule strength unknown.; Residual coverage is 0%; residual behavior is unreliable.,Fewer than 8 recent matches; behavior is insufficient.,No recent match date available.,,,,,,0.0,0,0,unknown,Opponent Elo missing for recent matches; schedule strength unknown.,,Residual coverage is 0%; residual behavior is unreliable.,,2026-06-25T22:09:13+00:00
Peru,2026-06-27,2022-06-27,2026-06-27,714,40,2022-09-24,2026-06-08,calibrated_4y_40m_hl365,40,0.727,0.644,0.727,1.129,1.346,1.129,-0.402,1.203,1.398,0.285,0.279,0.317,0.317,0.298,0.295,0.298,0.285,0.478,0.438,0.505,0.505,0.572,0.547,0.572,0.478,-0.606,-0.615,-0.606,-0.215,-0.14,-0.215,-0.091,1.0,0.966,0.256,0.322,0.281,0.363,0.392,0.276,0.586,0.5,0,high,high,high,none,high,Recent schedule skews toward strong opponents.; Attack index increased after opponent-quality adjustment. Defense index increased after opponent-quality adjustment.; Attack boosted by opponent adjustment but goal residual is negative.,,,,1797.994,1791.311,1418.751,2092.167,1.0,31,0,strong,Recent schedule skews toward strong opponents.,Attack index increased after opponent-quality adjustment. Defense index increased after opponent-quality adjustment.,Attack boosted by opponent adjustment but goal residual is negative.,,2026-06-25T22:09:13+00:00
Philippines,2026-06-27,2022-06-27,2026-06-27,342,37,2022-12-14,2026-06-09,calibrated_4y_40m_hl365,37,2.046,2.344,2.046,1.335,1.206,1.335,0.711,1.208,2.278,0.79,0.836,0.712,0.712,0.683,0.841,0.683,0.79,0.498,0.481,0.449,0.449,0.538,0.524,0.538,0.498,0.548,1.022,0.548,-0.114,-0.071,-0.114,0.125,1.0,0.87,0.421,0.352,0.56,0.733,0.684,0.154,0.107,0.5,0,high,high,high,none,high,Recent goals-against differs from all-time by -0.94.; Recent schedule skews toward weak opponents.; Attack index reduced after opponent-quality adjustment. Defense index reduced after opponent-quality adjustment.,,,,1364.774,1446.127,980.613,1714.253,1.0,2,15,weak,Recent schedule skews toward weak opponents.,Attack index reduced after opponent-quality adjustment. Defense index reduced after opponent-quality adjustment.,,,2026-06-25T22:09:13+00:00
Poland,2026-06-27,2022-06-27,2026-06-27,892,40,2022-11-26,2026-06-03,calibrated_4y_40m_hl365,40,1.756,1.653,1.756,1.291,1.43,1.291,0.466,1.68,1.346,0.65,0.699,0.745,0.745,0.537,0.547,0.537,0.65,0.418,0.402,0.434,0.434,0.456,0.441,0.456,0.418,0.112,0.14,0.112,0.132,0.176,0.132,-0.017,1.0,0.987,0.322,0.344,0.523,0.715,0.56,0.203,0.086,0.5,0,high,high,high,none,high,Recent schedule skews toward strong opponents.; Attack index increased after opponent-quality adjustment. Defense index increased after opponent-quality adjustment.; Defense boosted by opponent adjustment but goals-against residual is poor. Schedule strength may be misleading; residuals do not support the full opponent boost.,,,,1676.942,1740.636,1284.157,2052.414,1.0,24,8,strong,Recent schedule skews toward strong opponents.,Attack index increased after opponent-quality adjustment. Defense index increased after opponent-quality adjustment.,Defense boosted by opponent adjustment but goals-against residual is poor. Schedule strength may be misleading; residuals do not support the full opponent boost.,,2026-06-25T22:09:13+00:00
Portugal,2026-06-27,2022-06-27,2026-06-27,697,40,2023-06-17,2026-06-17,calibrated_4y_40m_hl365,40,1.907,1.742,1.907,0.856,0.973,0.856,1.051,1.763,1.119,0.603,0.676,0.751,0.751,0.432,0.605,0.432,0.603,0.54,0.55,0.586,0.586,0.516,0.52,0.516,0.54,-0.203,0.316,-0.203,-0.047,-0.059,-0.047,-0.095,1.0,0.931,0.316,0.309,0.642,0.647,0.465,0.287,0.166,0.5,0,high,high,high,none,high,Recent schedule skews toward strong opponents.; Attack index increased after opponent-quality adjustment. Defense index increased after opponent-quality adjustment.; Attack boosted by opponent adjustment but goal residual is negative. Schedule strength may be misleading; residuals do not support the full opponent boost.,,,,1710.936,1720.836,1083.812,2093.017,1.0,24,1,strong,Recent schedule skews toward strong opponents.,Attack index increased after opponent-quality adjustment. Defense index increased after opponent-quality adjustment.,Attack boosted by opponent adjustment but goal residual is negative. Schedule strength may be misleading; residuals do not support the full opponent boost.,,2026-06-25T22:09:13+00:00
Provence,2026-06-27,2022-06-27,2026-06-27,23,0,,,calibrated_4y_40m_hl365,0,,,,,,,,3.174,2.565,0.5,0.5,0.5,0.5,0.5,0.5,0.5,0.5,0.5,0.5,0.5,0.5,0.5,0.5,0.5,0.5,,,,,,,,0.0,,,,0.5,,,,,0.5,0,insufficient,insufficient,insufficient,none,insufficient,Fewer than 8 recent matches; behavior is insufficient.; No recent match date available.; Opponent Elo missing for recent matches; schedule strength unknown.; Residual coverage is 0%; residual behavior is unreliable.,Fewer than 8 recent matches; behavior is insufficient.,No recent match date available.,,,,,,0.0,0,0,unknown,Opponent Elo missing for recent matches; schedule strength unknown.,,Residual coverage is 0%; residual behavior is unreliable.,,2026-06-25T22:09:13+00:00
Puerto Rico,2026-06-27,2022-06-27,2026-06-27,163,29,2023-03-23,2026-06-05,calibrated_4y_40m_hl365,29,1.463,1.693,1.463,1.322,1.311,1.322,0.141,1.258,2.344,0.592,0.625,0.529,0.529,0.515,0.658,0.515,0.592,0.504,0.492,0.471,0.471,0.53,0.492,0.53,0.504,0.044,0.473,0.044,-0.09,0.025,-0.09,0.025,1.0,0.842,0.393,0.345,0.459,0.351,0.648,0.284,0.332,0.5,0,high,high,high,none,high,Recent goals-against differs from all-time by -1.02.; Recent schedule skews toward weak opponents.; Attack index reduced after opponent-quality adjustment.,,,,1375.543,1342.984,1010.752,2053.202,1.0,1,15,weak,Recent schedule skews toward weak opponents.,Attack index reduced after opponent-quality adjustment.,,,2026-06-25T22:09:13+00:00
Qatar,2026-06-27,2022-06-27,2026-06-27,638,40,2023-11-21,2026-06-18,calibrated_4y_40m_hl365,40,1.088,0.993,1.088,1.523,1.636,1.523,-0.436,1.406,1.215,0.415,0.425,0.468,0.468,0.394,0.395,0.394,0.415,0.41,0.366,0.398,0.398,0.513,0.349,0.513,0.41,-0.317,-0.315,-0.317,-0.04,0.452,-0.04,-0.049,1.0,0.901,0.283,0.34,0.342,0.585,0.513,0.165,0.345,0.5,0,high,high,high,none,high,Attack index increased after opponent-quality adjustment. Defense index increased after opponent-quality adjustment.; Attack boosted by opponent adjustment but goal residual is negative. Schedule strength may be misleading; residuals do not support the full opponent boost.,,,,1614.04,1592.423,1298.498,1883.449,1.0,11,1,average,,Attack index increased after opponent-quality adjustment. Defense index increased after opponent-quality adjustment.,Attack boosted by opponent adjustment but goal residual is negative. Schedule strength may be misleading; residuals do not support the full opponent boost.,,2026-06-25T22:09:13+00:00
Quebec,2026-06-27,2022-06-27,2026-06-27,3,0,,,calibrated_4y_40m_hl365,0,,,,,,,,8.0,0.667,0.5,0.5,0.5,0.5,0.5,0.5,0.5,0.5,0.5,0.5,0.5,0.5,0.5,0.5,0.5,0.5,,,,,,,,0.0,,,,0.5,,,,,0.5,0,insufficient,insufficient,insufficient,none,insufficient,Fewer than 8 recent matches; behavior is insufficient.; No recent match date available.; Opponent Elo missing for recent matches; schedule strength unknown.; Residual coverage is 0%; residual behavior is unreliable.,Fewer than 8 recent matches; behavior is insufficient.,No recent match date available.,,,,,,0.0,0,0,unknown,Opponent Elo missing for recent matches; schedule strength unknown.,,Residual coverage is 0%; residual behavior is unreliable.,,2026-06-25T22:09:13+00:00
Raetia,2026-06-27,2022-06-27,2026-06-27,26,5,2022-07-16,2023-08-06,calibrated_4y_40m_hl365,5,3.117,3.145,3.117,1.51,1.475,1.51,1.607,1.654,3.962,0.905,0.917,0.909,0.909,0.877,1.0,0.877,0.905,0.427,0.393,0.384,0.384,0.507,0.48,0.507,0.427,1.132,3.853,1.132,-0.022,0.06,-0.022,0.439,1.0,0.662,0.909,0.73,0.76,0.907,0.871,0.0,0.093,0.5,0,insufficient,insufficient,insufficient,none,insufficient,Fewer than 8 recent matches; behavior is insufficient.; Latest match is 1056 days before reference date.; Recent goals-for differs from all-time by +1.46. Recent goals-against differs from all-time by -2.45.; Attack residuals are concentrated in the top 3 matches (91%). Defense residuals are concentrated in the top 3 matches (73%).,Fewer than 8 recent matches; behavior is insufficient.,Latest match is 1056 days before reference date.,,1463.626,1483.94,1357.866,1506.28,1.0,0,0,average,,,,Attack residuals are concentrated in the top 3 matches (91%). Defense residuals are concentrated in the top 3 matches (73%).,2026-06-25T22:09:13+00:00
Republic of Ireland,2026-06-27,2022-06-27,2026-06-27,633,39,2022-09-24,2026-06-05,calibrated_4y_40m_hl365,39,1.535,1.405,1.535,1.012,1.132,1.012,0.523,1.355,1.215,0.56,0.582,0.636,0.636,0.51,0.54,0.51,0.56,0.53,0.498,0.536,0.536,0.604,0.599,0.604,0.53,0.029,0.121,0.029,-0.311,-0.296,-0.311,0.126,1.0,0.962,0.332,0.336,0.537,0.476,0.496,0.354,0.252,0.5,0,high,high,high,none,high,Recent schedule skews toward strong opponents.; Attack index increased after opponent-quality adjustment. Defense index increased after opponent-quality adjustment.; Schedule strength may be misleading; residuals do not support the full opponent boost.,,,,1696.268,1723.473,1186.514,2063.981,1.0,21,4,strong,Recent schedule skews toward strong opponents.,Attack index increased after opponent-quality adjustment. Defense index increased after opponent-quality adjustment.,Schedule strength may be misleading; residuals do not support the full opponent boost.,,2026-06-25T22:09:13+00:00
Republic of St. Pauli,2026-06-27,2022-06-27,2026-06-27,4,0,,,calibrated_4y_40m_hl365,0,,,,,,,,2.5,1.25,0.5,0.5,0.5,0.5,0.5,0.5,0.5,0.5,0.5,0.5,0.5,0.5,0.5,0.5,0.5,0.5,,,,,,,,0.0,,,,0.5,,,,,0.5,0,insufficient,insufficient,insufficient,none,insufficient,Fewer than 8 recent matches; behavior is insufficient.; No recent match date available.; Opponent Elo missing for recent matches; schedule strength unknown.; Residual coverage is 0%; residual behavior is unreliable.,Fewer than 8 recent matches; behavior is insufficient.,No recent match date available.,,,,,,0.0,0,0,unknown,Opponent Elo missing for recent matches; schedule strength unknown.,,Residual coverage is 0%; residual behavior is unreliable.,,2026-06-25T22:09:13+00:00
Rhodes,2026-06-27,2022-06-27,2026-06-27,18,0,,,calibrated_4y_40m_hl365,0,,,,,,,,1.611,1.056,0.5,0.5,0.5,0.5,0.5,0.5,0.5,0.5,0.5,0.5,0.5,0.5,0.5,0.5,0.5,0.5,,,,,,,,0.0,,,,0.5,,,,,0.5,0,insufficient,insufficient,insufficient,none,insufficient,Fewer than 8 recent matches; behavior is insufficient.; No recent match date available.; Opponent Elo missing for recent matches; schedule strength unknown.; Residual coverage is 0%; residual behavior is unreliable.,Fewer than 8 recent matches; behavior is insufficient.,No recent match date available.,,,,,,0.0,0,0,unknown,Opponent Elo missing for recent matches; schedule strength unknown.,,Residual coverage is 0%; residual behavior is unreliable.,,2026-06-25T22:09:13+00:00
Romani people,2026-06-27,2022-06-27,2026-06-27,7,0,,,calibrated_4y_40m_hl365,0,,,,,,,,1.857,3.714,0.5,0.5,0.5,0.5,0.5,0.5,0.5,0.5,0.5,0.5,0.5,0.5,0.5,0.5,0.5,0.5,,,,,,,,0.0,,,,0.5,,,,,0.5,0,insufficient,insufficient,insufficient,none,insufficient,Fewer than 8 recent matches; behavior is insufficient.; No recent match date available.; Opponent Elo missing for recent matches; schedule strength unknown.; Residual coverage is 0%; residual behavior is unreliable.,Fewer than 8 recent matches; behavior is insufficient.,No recent match date available.,,,,,,0.0,0,0,unknown,Opponent Elo missing for recent matches; schedule strength unknown.,,Residual coverage is 0%; residual behavior is unreliable.,,2026-06-25T22:09:13+00:00
Romania,2026-06-27,2022-06-27,2026-06-27,766,40,2022-11-17,2026-06-06,calibrated_4y_40m_hl365,40,1.51,1.505,1.51,1.106,1.157,1.106,0.404,1.617,1.275,0.541,0.584,0.577,0.577,0.441,0.536,0.441,0.541,0.509,0.499,0.517,0.517,0.533,0.524,0.533,0.509,-0.178,0.108,-0.178,-0.098,-0.071,-0.098,-0.05,1.0,0.919,0.326,0.407,0.487,0.517,0.543,0.256,0.286,0.5,0,high,high,high,none,high,,,,,1537.667,1533.216,937.598,1954.99,1.0,12,8,average,,,,,2026-06-25T22:09:13+00:00
Russia,2026-06-27,2022-06-27,2026-06-27,749,28,2022-09-24,2026-06-09,calibrated_4y_40m_hl365,28,2.109,2.033,2.109,0.512,0.557,0.512,1.597,1.737,0.981,0.659,0.713,0.744,0.744,0.534,0.651,0.534,0.659,0.719,0.739,0.758,0.758,0.672,0.688,0.672,0.719,0.103,0.454,0.103,-0.516,-0.564,-0.516,0.002,1.0,0.867,0.333,0.435,0.717,0.344,0.605,0.537,0.283,0.5,0,high,high,high,none,high,Attack index increased after opponent-quality adjustment.; Schedule strength may be misleading; residuals do not support the full opponent boost.,,,,1586.098,1650.263,1034.597,1861.473,1.0,8,2,average,,Attack index increased after opponent-quality adjustment.,Schedule strength may be misleading; residuals do not support the full opponent boost.,,2026-06-25T22:09:13+00:00
Rwanda,2026-06-27,2022-06-27,2026-06-27,280,28,2022-09-23,2026-03-30,calibrated_4y_40m_hl365,28,0.925,0.975,0.925,0.914,0.975,0.914,0.011,1.032,1.2,0.377,0.384,0.367,0.367,0.359,0.41,0.359,0.377,0.613,0.584,0.595,0.595,0.682,0.671,0.682,0.613,-0.422,-0.271,-0.422,-0.546,-0.514,-0.546,0.053,1.0,0.925,0.377,0.436,0.424,0.148,0.278,0.363,0.512,0.5,0,high,high,high,none,high,,,,,1542.116,1519.215,1343.133,1805.748,1.0,3,1,average,,,,,2026-06-25T22:09:13+00:00
Ryūkyū,2026-06-27,2022-06-27,2026-06-27,1,0,,,calibrated_4y_40m_hl365,0,,,,,,,,0.0,9.0,0.5,0.5,0.5,0.5,0.5,0.5,0.5,0.5,0.5,0.5,0.5,0.5,0.5,0.5,0.5,0.5,,,,,,,,0.0,,,,0.5,,,,,0.5,0,insufficient,insufficient,insufficient,none,insufficient,Fewer than 8 recent matches; behavior is insufficient.; No recent match date available.; Opponent Elo missing for recent matches; schedule strength unknown.; Residual coverage is 0%; residual behavior is unreliable.,Fewer than 8 recent matches; behavior is insufficient.,No recent match date available.,,,,,,0.0,0,0,unknown,Opponent Elo missing for recent matches; schedule strength unknown.,,Residual coverage is 0%; residual behavior is unreliable.,,2026-06-25T22:09:13+00:00
Réunion,2026-06-27,2022-06-27,2026-06-27,124,4,2023-08-26,2023-09-02,calibrated_4y_40m_hl365,4,0.654,0.751,0.654,0.835,0.752,0.835,-0.181,1.766,1.774,0.294,0.344,0.3,0.3,0.177,0.177,0.177,0.294,0.632,0.643,0.626,0.626,0.605,0.605,0.605,0.632,-0.969,-0.969,-0.969,-0.314,-0.314,-0.314,-0.264,1.0,1.0,0.986,0.954,0.347,0.5,0.251,0.24,0.5,0.5,0,insufficient,insufficient,insufficient,none,insufficient,Fewer than 8 recent matches; behavior is insufficient.; Latest match is 1029 days before reference date.; Recent goals-for differs from all-time by -1.11. Recent goals-against differs from all-time by -0.94.; Recent schedule skews toward weak opponents.; Attack index reduced after opponent-quality adjustment.; Attack residuals are concentrated in the top 3 matches (99%). Defense residuals are concentrated in the top 3 matches (95%).,Fewer than 8 recent matches; behavior is insufficient.,Latest match is 1029 days before reference date.,,1371.303,1389.861,1253.385,1452.105,1.0,0,1,weak,Recent schedule skews toward weak opponents.,Attack index reduced after opponent-quality adjustment.,,Attack residuals are concentrated in the top 3 matches (99%). Defense residuals are concentrated in the top 3 matches (95%).,2026-06-25T22:09:13+00:00
Saare County,2026-06-27,2022-06-27,2026-06-27,35,0,,,calibrated_4y_40m_hl365,0,,,,,,,,1.171,2.543,0.5,0.5,0.5,0.5,0.5,0.5,0.5,0.5,0.5,0.5,0.5,0.5,0.5,0.5,0.5,0.5,,,,,,,,0.0,,,,0.5,,,,,0.5,0,insufficient,insufficient,insufficient,none,insufficient,Fewer than 8 recent matches; behavior is insufficient.; No recent match date available.; Opponent Elo missing for recent matches; schedule strength unknown.; Residual coverage is 0%; residual behavior is unreliable.,Fewer than 8 recent matches; behavior is insufficient.,No recent match date available.,,,,,,0.0,0,0,unknown,Opponent Elo missing for recent matches; schedule strength unknown.,,Residual coverage is 0%; residual behavior is unreliable.,,2026-06-25T22:09:13+00:00
Saarland,2026-06-27,2022-06-27,2026-06-27,9,0,,,calibrated_4y_40m_hl365,0,,,,,,,,1.111,2.889,0.5,0.5,0.5,0.5,0.5,0.5,0.5,0.5,0.5,0.5,0.5,0.5,0.5,0.5,0.5,0.5,,,,,,,,0.0,,,,0.5,,,,,0.5,0,insufficient,insufficient,insufficient,none,insufficient,Fewer than 8 recent matches; behavior is insufficient.; No recent match date available.; Opponent Elo missing for recent matches; schedule strength unknown.; Residual coverage is 0%; residual behavior is unreliable.,Fewer than 8 recent matches; behavior is insufficient.,No recent match date available.,,,,,,0.0,0,0,unknown,Opponent Elo missing for recent matches; schedule strength unknown.,,Residual coverage is 0%; residual behavior is unreliable.,,2026-06-25T22:09:13+00:00
Saint Barthélemy,2026-06-27,2022-06-27,2026-06-27,10,2,2023-03-04,2023-03-10,calibrated_4y_40m_hl365,2,2.818,2.992,2.818,2.397,2.008,2.397,0.421,2.5,3.0,0.93,1.0,0.915,0.915,0.765,1.0,0.765,0.93,0.197,0.219,0.123,0.123,0.146,0.191,0.146,0.197,0.796,1.799,0.796,1.063,0.927,1.063,-0.264,1.0,0.796,1.0,1.0,0.466,1.0,1.0,0.0,0.0,0.5,0,insufficient,insufficient,insufficient,none,insufficient,Fewer than 8 recent matches; behavior is insufficient.; Latest match is 1205 days before reference date.; Recent schedule skews toward weak opponents.; Attack index reduced after opponent-quality adjustment. Defense index reduced after opponent-quality adjustment.; Attack residuals are concentrated in the top 3 matches (100%). Defense residuals are concentrated in the top 3 matches (100%).,Fewer than 8 recent matches; behavior is insufficient.,Latest match is 1205 days before reference date.,,1257.667,1257.667,1224.421,1290.912,1.0,0,2,weak,Recent schedule skews toward weak opponents.,Attack index reduced after opponent-quality adjustment. Defense index reduced after opponent-quality adjustment.,,Attack residuals are concentrated in the top 3 matches (100%). Defense residuals are concentrated in the top 3 matches (100%).,2026-06-25T22:09:13+00:00
Saint Helena,2026-06-27,2022-06-27,2026-06-27,8,4,2023-07-09,2023-07-13,calibrated_4y_40m_hl365,4,0.445,0.503,0.445,3.766,3.751,3.766,-3.321,0.75,5.125,0.249,0.224,0.198,0.198,0.305,0.254,0.305,0.249,0.0,0.0,0.001,0.001,0.0,0.0,0.0,0.0,-0.584,-0.739,-0.584,1.713,2.736,1.713,-0.369,1.0,0.711,0.817,0.803,0.0,0.252,1.0,0.0,0.748,0.5,0,insufficient,insufficient,insufficient,none,insufficient,Fewer than 8 recent matches; behavior is insufficient.; Latest match is 1080 days before reference date.; Recent goals-against differs from all-time by -1.36.; Recent schedule includes both strong and weak opponents.; Defense boosted by opponent adjustment but goals-against residual is poor.; Attack residuals are concentrated in the top 3 matches (82%). Defense residuals are concentrated in the top 3 matches (80%).,Fewer than 8 recent matches; behavior is insufficient.,Latest match is 1080 days before reference date.,,1525.638,1517.474,1314.448,1753.155,1.0,1,1,mixed,Recent schedule includes both strong and weak opponents.,,Defense boosted by opponent adjustment but goals-against residual is poor.,Attack residuals are concentrated in the top 3 matches (82%). Defense residuals are concentrated in the top 3 matches (80%).,2026-06-25T22:09:13+00:00
Saint Kitts and Nevis,2026-06-27,2022-06-27,2026-06-27,226,34,2023-03-23,2026-03-30,calibrated_4y_40m_hl365,34,1.489,1.65,1.489,2.325,2.237,2.325,-0.836,1.712,1.646,0.599,0.617,0.554,0.554,0.558,0.611,0.558,0.599,0.245,0.203,0.171,0.171,0.342,0.112,0.342,0.245,0.173,0.333,0.173,0.473,1.164,0.473,-0.052,1.0,0.829,0.403,0.362,0.336,0.567,0.784,0.156,0.34,0.5,0,high,high,high,none,high,Recent schedule skews toward weak opponents.; Attack index reduced after opponent-quality adjustment. Defense index reduced after opponent-quality adjustment.,,,,1339.386,1323.918,911.972,1880.624,1.0,2,20,weak,Recent schedule skews toward weak opponents.,Attack index reduced after opponent-quality adjustment. Defense index reduced after opponent-quality adjustment.,,,2026-06-25T22:09:13+00:00
Saint Lucia,2026-06-27,2022-06-27,2026-06-27,230,26,2022-11-17,2026-03-27,calibrated_4y_40m_hl365,26,0.927,1.023,0.927,2.761,2.649,2.761,-1.834,1.422,1.904,0.455,0.46,0.416,0.416,0.442,0.417,0.442,0.455,0.13,0.081,0.068,0.068,0.245,0.0,0.245,0.13,-0.173,-0.249,-0.173,0.765,1.511,0.765,-0.122,1.0,0.814,0.397,0.492,0.21,0.664,0.946,0.029,0.319,0.5,0,high,high,high,none,high,Recent goals-against differs from all-time by +0.86.; Recent schedule skews toward weak opponents.; Attack index reduced after opponent-quality adjustment.,,,,1325.058,1304.941,917.523,1605.445,1.0,0,14,weak,Recent schedule skews toward weak opponents.,Attack index reduced after opponent-quality adjustment.,,,2026-06-25T22:09:13+00:00
Saint Martin,2026-06-27,2022-06-27,2026-06-27,68,18,2023-03-10,2026-03-29,calibrated_4y_40m_hl365,18,1.608,1.86,1.608,1.4,1.288,1.4,0.207,1.485,2.456,0.666,0.677,0.579,0.579,0.639,0.702,0.639,0.666,0.512,0.49,0.45,0.45,0.564,0.492,0.564,0.512,0.418,0.607,0.418,-0.193,0.024,-0.193,0.121,1.0,0.844,0.594,0.416,0.512,0.403,0.848,0.259,0.295,0.5,0,moderate,moderate,moderate,none,moderate,Recent goals-against differs from all-time by -1.06.; Recent schedule skews toward weak opponents.; Attack index reduced after opponent-quality adjustment. Defense index reduced after opponent-quality adjustment.,,,,1305.87,1314.627,1016.855,1491.505,1.0,0,12,weak,Recent schedule skews toward weak opponents.,Attack index reduced after opponent-quality adjustment. Defense index reduced after opponent-quality adjustment.,,,2026-06-25T22:09:13+00:00
Saint Pierre and Miquelon,2026-06-27,2022-06-27,2026-06-27,7,0,,,calibrated_4y_40m_hl365,0,,,,,,,,0.286,11.143,0.5,0.5,0.5,0.5,0.5,0.5,0.5,0.5,0.5,0.5,0.5,0.5,0.5,0.5,0.5,0.5,,,,,,,,0.0,,,,0.5,,,,,0.5,0,insufficient,insufficient,insufficient,none,insufficient,Fewer than 8 recent matches; behavior is insufficient.; No recent match date available.; Opponent Elo missing for recent matches; schedule strength unknown.; Residual coverage is 0%; residual behavior is unreliable.,Fewer than 8 recent matches; behavior is insufficient.,No recent match date available.,,,,,,0.0,0,0,unknown,Opponent Elo missing for recent matches; schedule strength unknown.,,Residual coverage is 0%; residual behavior is unreliable.,,2026-06-25T22:09:13+00:00
Saint Vincent and the Grenadines,2026-06-27,2022-06-27,2026-06-27,236,33,2022-09-24,2026-03-29,calibrated_4y_40m_hl365,33,1.675,1.831,1.675,1.735,1.608,1.735,-0.06,1.576,1.873,0.677,0.7,0.63,0.63,0.625,0.737,0.625,0.677,0.375,0.351,0.31,0.31,0.428,0.433,0.428,0.375,0.375,0.71,0.375,0.215,0.2,0.215,0.074,1.0,0.921,0.385,0.367,0.454,0.682,0.749,0.168,0.122,0.5,0,high,high,high,none,high,Recent schedule skews toward weak opponents.; Attack index reduced after opponent-quality adjustment. Defense index reduced after opponent-quality adjustment.,,,,1362.379,1355.545,1004.206,1676.091,1.0,0,16,weak,Recent schedule skews toward weak opponents.,Attack index reduced after opponent-quality adjustment. Defense index reduced after opponent-quality adjustment.,,,2026-06-25T22:09:13+00:00
Samoa,2026-06-27,2022-06-27,2026-06-27,71,14,2023-11-17,2024-11-18,calibrated_4y_40m_hl365,14,1.026,1.188,1.026,2.121,2.089,2.121,-1.095,1.394,3.507,0.478,0.483,0.415,0.415,0.468,0.55,0.468,0.478,0.296,0.244,0.23,0.23,0.418,0.048,0.418,0.296,-0.096,0.151,-0.096,0.246,1.357,0.246,-0.004,1.0,0.82,0.491,0.452,0.28,0.451,0.735,0.17,0.334,0.5,0,low,low,low,none,low,Latest match is 586 days before reference date.; Recent goals-against differs from all-time by -1.39.; Recent schedule skews toward weak opponents.; Attack index reduced after opponent-quality adjustment.,,Latest match is 586 days before reference date.,,1392.096,1464.901,1091.297,1762.755,1.0,1,6,weak,Recent schedule skews toward weak opponents.,Attack index reduced after opponent-quality adjustment.,,,2026-06-25T22:09:13+00:00
San Marino,2026-06-27,2022-06-27,2026-06-27,225,38,2022-09-21,2026-06-09,calibrated_4y_40m_hl365,38,0.446,0.479,0.446,2.662,2.637,2.662,-2.216,0.196,3.956,0.278,0.222,0.208,0.208,0.41,0.407,0.41,0.278,0.202,0.081,0.077,0.077,0.484,0.171,0.484,0.202,-0.269,-0.279,-0.269,0.048,0.988,0.048,0.004,1.0,0.804,0.297,0.293,0.038,0.412,0.716,0.058,0.569,0.5,0,high,high,high,none,high,Recent goals-against differs from all-time by -1.29.; Large raw-vs-residual defense disagreement.,,,,1458.148,1421.569,1084.513,1858.245,1.0,5,11,average,,,Large raw-vs-residual defense disagreement.,,2026-06-25T22:09:13+00:00
Sark,2026-06-27,2022-06-27,2026-06-27,4,0,,,calibrated_4y_40m_hl365,0,,,,,,,,0.0,17.5,0.5,0.5,0.5,0.5,0.5,0.5,0.5,0.5,0.5,0.5,0.5,0.5,0.5,0.5,0.5,0.5,,,,,,,,0.0,,,,0.5,,,,,0.5,0,insufficient,insufficient,insufficient,none,insufficient,Fewer than 8 recent matches; behavior is insufficient.; No recent match date available.; Opponent Elo missing for recent matches; schedule strength unknown.; Residual coverage is 0%; residual behavior is unreliable.,Fewer than 8 recent matches; behavior is insufficient.,No recent match date available.,,,,,,0.0,0,0,unknown,Opponent Elo missing for recent matches; schedule strength unknown.,,Residual coverage is 0%; residual behavior is unreliable.,,2026-06-25T22:09:13+00:00
Saudi Arabia,2026-06-27,2022-06-27,2026-06-27,742,40,2024-03-21,2026-06-15,calibrated_4y_40m_hl365,40,1.153,1.094,1.153,0.942,1.057,0.942,0.211,1.535,1.049,0.446,0.462,0.491,0.491,0.408,0.409,0.408,0.446,0.558,0.531,0.568,0.568,0.62,0.608,0.62,0.558,-0.277,-0.274,-0.277,-0.361,-0.325,-0.361,0.02,1.0,0.979,0.209,0.247,0.463,0.496,0.387,0.321,0.339,0.5,0,high,high,high,none,high,Recent schedule skews toward strong opponents.; Defense index increased after opponent-quality adjustment.; Attack boosted by opponent adjustment but goal residual is negative. Schedule strength may be misleading; residuals do not support the full opponent boost.,,,,1656.784,1671.287,1089.297,1939.593,1.0,19,2,strong,Recent schedule skews toward strong opponents.,Defense index increased after opponent-quality adjustment.,Attack boosted by opponent adjustment but goal residual is negative. Schedule strength may be misleading; residuals do not support the full opponent boost.,,2026-06-25T22:09:13+00:00
Saugeais,2026-06-27,2022-06-27,2026-06-27,1,0,,,calibrated_4y_40m_hl365,0,,,,,,,,1.0,1.0,0.5,0.5,0.5,0.5,0.5,0.5,0.5,0.5,0.5,0.5,0.5,0.5,0.5,0.5,0.5,0.5,,,,,,,,0.0,,,,0.5,,,,,0.5,0,insufficient,insufficient,insufficient,none,insufficient,Fewer than 8 recent matches; behavior is insufficient.; No recent match date available.; Opponent Elo missing for recent matches; schedule strength unknown.; Residual coverage is 0%; residual behavior is unreliable.,Fewer than 8 recent matches; behavior is insufficient.,No recent match date available.,,,,,,0.0,0,0,unknown,Opponent Elo missing for recent matches; schedule strength unknown.,,Residual coverage is 0%; residual behavior is unreliable.,,2026-06-25T22:09:13+00:00
Scotland,2026-06-27,2022-06-27,2026-06-27,853,40,2022-11-16,2026-06-19,calibrated_4y_40m_hl365,40,1.568,1.491,1.568,0.911,1.051,0.911,0.657,1.706,1.232,0.542,0.571,0.618,0.618,0.473,0.527,0.473,0.542,0.574,0.561,0.605,0.605,0.606,0.592,0.606,0.574,-0.08,0.082,-0.08,-0.319,-0.277,-0.319,0.049,1.0,0.951,0.396,0.391,0.575,0.39,0.467,0.392,0.313,0.5,0,high,high,high,none,high,Recent schedule skews toward strong opponents.; Attack index increased after opponent-quality adjustment. Defense index increased after opponent-quality adjustment.; Attack boosted by opponent adjustment but goal residual is negative. Schedule strength may be misleading; residuals do not support the full opponent boost.,,,,1726.605,1743.726,1056.858,2071.193,1.0,26,2,strong,Recent schedule skews toward strong opponents.,Attack index increased after opponent-quality adjustment. Defense index increased after opponent-quality adjustment.,Attack boosted by opponent adjustment but goal residual is negative. Schedule strength may be misleading; residuals do not support the full opponent boost.,,2026-06-25T22:09:13+00:00
Sealand,2026-06-27,2022-06-27,2026-06-27,12,0,,,calibrated_4y_40m_hl365,0,,,,,,,,2.25,2.5,0.5,0.5,0.5,0.5,0.5,0.5,0.5,0.5,0.5,0.5,0.5,0.5,0.5,0.5,0.5,0.5,,,,,,,,0.0,,,,0.5,,,,,0.5,0,insufficient,insufficient,insufficient,none,insufficient,Fewer than 8 recent matches; behavior is insufficient.; No recent match date available.; Opponent Elo missing for recent matches; schedule strength unknown.; Residual coverage is 0%; residual behavior is unreliable.,Fewer than 8 recent matches; behavior is insufficient.,No recent match date available.,,,,,,0.0,0,0,unknown,Opponent Elo missing for recent matches; schedule strength unknown.,,Residual coverage is 0%; residual behavior is unreliable.,,2026-06-25T22:09:13+00:00
Seborga,2026-06-27,2022-06-27,2026-06-27,1,0,,,calibrated_4y_40m_hl365,0,,,,,,,,2.0,3.0,0.5,0.5,0.5,0.5,0.5,0.5,0.5,0.5,0.5,0.5,0.5,0.5,0.5,0.5,0.5,0.5,,,,,,,,0.0,,,,0.5,,,,,0.5,0,insufficient,insufficient,insufficient,none,insufficient,Fewer than 8 recent matches; behavior is insufficient.; No recent match date available.; Opponent Elo missing for recent matches; schedule strength unknown.; Residual coverage is 0%; residual behavior is unreliable.,Fewer than 8 recent matches; behavior is insufficient.,No recent match date available.,,,,,,0.0,0,0,unknown,Opponent Elo missing for recent matches; schedule strength unknown.,,Residual coverage is 0%; residual behavior is unreliable.,,2026-06-25T22:09:13+00:00
Senegal,2026-06-27,2022-06-27,2026-06-27,639,40,2023-10-16,2026-06-16,calibrated_4y_40m_hl365,40,1.954,1.877,1.954,0.763,0.905,0.763,1.191,1.382,0.942,0.654,0.711,0.744,0.744,0.521,0.601,0.521,0.654,0.619,0.642,0.682,0.682,0.563,0.575,0.563,0.619,0.064,0.304,0.064,-0.189,-0.224,-0.189,0.009,1.0,0.907,0.221,0.33,0.684,0.375,0.562,0.569,0.134,0.5,0,high,high,high,none,high,Attack index increased after opponent-quality adjustment. Defense index increased after opponent-quality adjustment.; Schedule strength may be misleading; residuals do not support the full opponent boost.,,,,1587.268,1537.284,1301.84,2037.704,1.0,8,2,average,,Attack index increased after opponent-quality adjustment. Defense index increased after opponent-quality adjustment.,Schedule strength may be misleading; residuals do not support the full opponent boost.,,2026-06-25T22:09:13+00:00
Serbia,2026-06-27,2022-06-27,2026-06-27,348,40,2022-11-24,2026-06-04,calibrated_4y_40m_hl365,40,0.999,1.027,0.999,1.315,1.41,1.315,-0.315,1.526,1.098,0.392,0.425,0.421,0.421,0.315,0.31,0.315,0.392,0.466,0.446,0.482,0.482,0.514,0.416,0.514,0.466,-0.556,-0.569,-0.556,-0.041,0.253,-0.041,-0.099,1.0,0.911,0.331,0.25,0.402,0.371,0.516,0.292,0.452,0.5,0,high,high,high,none,high,Recent schedule skews toward strong opponents.; Defense index increased after opponent-quality adjustment.,,,,1718.964,1788.216,1141.699,2114.852,1.0,23,5,strong,Recent schedule skews toward strong opponents.,Defense index increased after opponent-quality adjustment.,,,2026-06-25T22:09:13+00:00
Seychelles,2026-06-27,2022-06-27,2026-06-27,176,21,2022-07-05,2025-10-14,calibrated_4y_40m_hl365,21,0.112,0.115,0.112,3.665,3.685,3.665,-3.553,0.767,2.261,0.118,0.055,0.053,0.053,0.265,0.256,0.265,0.118,0.022,0.013,0.016,0.016,0.044,0.0,0.044,0.022,-0.705,-0.732,-0.705,1.369,2.861,1.369,-0.087,1.0,0.627,0.442,0.483,0.003,0.098,0.946,0.006,0.897,0.5,0,moderate,moderate,moderate,none,moderate,Recent goals-against differs from all-time by +1.40.; Recent schedule skews toward weak opponents.; Defense boosted by opponent adjustment but goals-against residual is poor.,,,,1418.477,1436.998,915.851,1708.946,1.0,2,4,weak,Recent schedule skews toward weak opponents.,,Defense boosted by opponent adjustment but goals-against residual is poor.,,2026-06-25T22:09:13+00:00
Shetland,2026-06-27,2022-06-27,2026-06-27,58,7,2023-07-09,2025-07-17,calibrated_4y_40m_hl365,7,1.609,1.551,1.609,1.61,1.646,1.61,-0.002,1.741,1.948,0.612,0.639,0.666,0.666,0.548,0.595,0.548,0.612,0.364,0.334,0.347,0.347,0.434,0.432,0.434,0.364,0.144,0.286,0.144,0.199,0.203,0.199,-0.021,1.0,0.975,0.802,0.958,0.3,0.681,0.681,0.279,0.319,0.5,0,insufficient,insufficient,insufficient,none,insufficient,Fewer than 8 recent matches; behavior is insufficient.; Defense boosted by opponent adjustment but goals-against residual is poor. Schedule strength may be misleading; residuals do not support the full opponent boost.; Attack residuals are concentrated in the top 3 matches (80%). Defense residuals are concentrated in the top 3 matches (96%).,Fewer than 8 recent matches; behavior is insufficient.,,,1531.317,1493.992,1297.246,1778.555,1.0,1,1,average,,,Defense boosted by opponent adjustment but goals-against residual is poor. Schedule strength may be misleading; residuals do not support the full opponent boost.,Attack residuals are concentrated in the top 3 matches (80%). Defense residuals are concentrated in the top 3 matches (96%).,2026-06-25T22:09:13+00:00
Sierra Leone,2026-06-27,2022-06-27,2026-06-27,301,29,2022-09-24,2026-06-09,calibrated_4y_40m_hl365,29,1.069,1.155,1.069,1.184,1.166,1.184,-0.115,0.963,1.379,0.488,0.516,0.478,0.478,0.424,0.424,0.424,0.488,0.53,0.509,0.504,0.504,0.579,0.567,0.579,0.53,-0.228,-0.227,-0.228,-0.238,-0.201,-0.238,0.015,1.0,0.99,0.406,0.44,0.407,0.575,0.355,0.22,0.231,0.5,0,high,high,high,none,high,Attack index reduced after opponent-quality adjustment.,,,,1488.346,1469.334,1104.939,1857.865,1.0,6,7,average,,Attack index reduced after opponent-quality adjustment.,,,2026-06-25T22:09:13+00:00
Silesia,2026-06-27,2022-06-27,2026-06-27,8,0,,,calibrated_4y_40m_hl365,0,,,,,,,,3.0,2.125,0.5,0.5,0.5,0.5,0.5,0.5,0.5,0.5,0.5,0.5,0.5,0.5,0.5,0.5,0.5,0.5,,,,,,,,0.0,,,,0.5,,,,,0.5,0,insufficient,insufficient,insufficient,none,insufficient,Fewer than 8 recent matches; behavior is insufficient.; No recent match date available.; Opponent Elo missing for recent matches; schedule strength unknown.; Residual coverage is 0%; residual behavior is unreliable.,Fewer than 8 recent matches; behavior is insufficient.,No recent match date available.,,,,,,0.0,0,0,unknown,Opponent Elo missing for recent matches; schedule strength unknown.,,Residual coverage is 0%; residual behavior is unreliable.,,2026-06-25T22:09:13+00:00
Singapore,2026-06-27,2022-06-27,2026-06-27,696,40,2022-09-24,2026-06-05,calibrated_4y_40m_hl365,40,1.349,1.551,1.349,1.512,1.434,1.512,-0.162,1.348,1.823,0.62,0.649,0.572,0.572,0.552,0.572,0.552,0.62,0.443,0.416,0.393,0.393,0.505,0.47,0.505,0.443,0.157,0.216,0.157,-0.016,0.091,-0.016,0.089,1.0,0.947,0.311,0.25,0.424,0.732,0.726,0.154,0.164,0.5,0,high,high,high,none,high,Recent schedule skews toward weak opponents.; Attack index reduced after opponent-quality adjustment.,,,,1350.633,1366.324,974.726,1834.684,1.0,2,19,weak,Recent schedule skews toward weak opponents.,Attack index reduced after opponent-quality adjustment.,,,2026-06-25T22:09:13+00:00
Sint Maarten,2026-06-27,2022-06-27,2026-06-27,60,20,2023-03-04,2026-03-30,calibrated_4y_40m_hl365,20,1.207,1.373,1.207,1.576,1.462,1.576,-0.369,1.467,2.55,0.52,0.518,0.455,0.455,0.524,0.519,0.524,0.52,0.456,0.422,0.372,0.372,0.535,0.378,0.535,0.456,0.072,0.058,0.072,-0.105,0.367,-0.105,0.179,1.0,0.936,0.639,0.506,0.463,0.474,0.581,0.341,0.418,0.5,0,moderate,moderate,moderate,none,moderate,Recent goals-against differs from all-time by -0.97.; Recent schedule skews toward weak opponents.; Attack index reduced after opponent-quality adjustment. Defense index reduced after opponent-quality adjustment.; Attack residuals are concentrated in the top 3 matches (64%).,,,,1374.033,1369.202,1080.865,1635.56,1.0,0,8,weak,Recent schedule skews toward weak opponents.,Attack index reduced after opponent-quality adjustment. Defense index reduced after opponent-quality adjustment.,,Attack residuals are concentrated in the top 3 matches (64%).,2026-06-25T22:09:13+00:00
Slovakia,2026-06-27,2022-06-27,2026-06-27,367,40,2022-11-17,2026-06-05,calibrated_4y_40m_hl365,40,1.492,1.418,1.492,1.256,1.347,1.256,0.236,1.411,1.248,0.562,0.595,0.628,0.628,0.484,0.48,0.484,0.562,0.51,0.493,0.527,0.527,0.55,0.436,0.55,0.51,-0.049,-0.059,-0.049,-0.149,0.191,-0.149,-0.017,1.0,0.956,0.406,0.362,0.527,0.369,0.436,0.459,0.228,0.5,0,high,high,high,none,high,Recent schedule skews toward strong opponents.; Attack index increased after opponent-quality adjustment. Defense index increased after opponent-quality adjustment.; Schedule strength may be misleading; residuals do not support the full opponent boost.,,,,1612.201,1628.099,918.186,1985.486,1.0,17,4,strong,Recent schedule skews toward strong opponents.,Attack index increased after opponent-quality adjustment. Defense index increased after opponent-quality adjustment.,Schedule strength may be misleading; residuals do not support the full opponent boost.,,2026-06-25T22:09:13+00:00
Slovenia,2026-06-27,2022-06-27,2026-06-27,317,40,2022-11-20,2026-06-07,calibrated_4y_40m_hl365,40,0.963,0.905,0.963,1.02,1.148,1.02,-0.057,1.237,1.174,0.369,0.388,0.417,0.417,0.323,0.327,0.323,0.369,0.531,0.509,0.554,0.554,0.58,0.561,0.58,0.531,-0.531,-0.52,-0.531,-0.241,-0.183,-0.241,-0.054,1.0,0.963,0.343,0.312,0.378,0.459,0.36,0.375,0.408,0.5,0,high,high,high,none,high,Recent schedule skews toward strong opponents.; Defense index increased after opponent-quality adjustment.; Attack boosted by opponent adjustment but goal residual is negative. Schedule strength may be misleading; residuals do not support the full opponent boost.,,,,1640.38,1682.276,917.467,1993.234,1.0,19,3,strong,Recent schedule skews toward strong opponents.,Defense index increased after opponent-quality adjustment.,Attack boosted by opponent adjustment but goal residual is negative. Schedule strength may be misleading; residuals do not support the full opponent boost.,,2026-06-25T22:09:13+00:00
Solomon Islands,2026-06-27,2022-06-27,2026-06-27,214,30,2022-09-21,2026-03-30,calibrated_4y_40m_hl365,30,1.316,1.355,1.316,2.28,2.28,2.28,-0.964,2.159,1.967,0.539,0.579,0.561,0.561,0.446,0.507,0.446,0.539,0.205,0.169,0.163,0.163,0.289,0.0,0.289,0.205,-0.163,0.021,-0.163,0.633,1.812,0.633,-0.349,1.0,0.904,0.329,0.488,0.199,0.639,0.713,0.071,0.286,0.5,0,high,high,high,none,high,,,,,1480.936,1521.774,1124.667,1687.696,1.0,0,5,average,,,,,2026-06-25T22:09:13+00:00
Somalia,2026-06-27,2022-06-27,2026-06-27,124,16,2023-10-14,2025-11-26,calibrated_4y_40m_hl365,16,0.25,0.247,0.25,1.696,1.757,1.696,-1.445,0.5,2.661,0.174,0.114,0.115,0.115,0.315,0.31,0.315,0.174,0.404,0.295,0.314,0.314,0.659,0.67,0.659,0.404,-0.554,-0.569,-0.554,-0.476,-0.509,-0.476,0.085,1.0,0.927,0.418,0.629,0.114,0.169,0.452,0.194,0.831,0.5,0,moderate,moderate,moderate,none,moderate,Recent goals-against differs from all-time by -0.97.; Attack boosted by opponent adjustment but goal residual is negative. Large raw-vs-residual defense disagreement.; Defense residuals are concentrated in the top 3 matches (63%).,,,,1516.436,1494.871,1359.522,1790.986,1.0,2,0,average,,,Attack boosted by opponent adjustment but goal residual is negative. Large raw-vs-residual defense disagreement.,Defense residuals are concentrated in the top 3 matches (63%).,2026-06-25T22:09:13+00:00
Somaliland,2026-06-27,2022-06-27,2026-06-27,6,0,,,calibrated_4y_40m_hl365,0,,,,,,,,2.333,3.333,0.5,0.5,0.5,0.5,0.5,0.5,0.5,0.5,0.5,0.5,0.5,0.5,0.5,0.5,0.5,0.5,,,,,,,,0.0,,,,0.5,,,,,0.5,0,insufficient,insufficient,insufficient,none,insufficient,Fewer than 8 recent matches; behavior is insufficient.; No recent match date available.; Opponent Elo missing for recent matches; schedule strength unknown.; Residual coverage is 0%; residual behavior is unreliable.,Fewer than 8 recent matches; behavior is insufficient.,No recent match date available.,,,,,,0.0,0,0,unknown,Opponent Elo missing for recent matches; schedule strength unknown.,,Residual coverage is 0%; residual behavior is unreliable.,,2026-06-25T22:09:13+00:00
South Africa,2026-06-27,2022-06-27,2026-06-27,483,40,2023-11-18,2026-06-18,calibrated_4y_40m_hl365,40,1.137,1.114,1.137,0.99,1.11,0.99,0.147,1.348,0.95,0.433,0.45,0.463,0.463,0.393,0.414,0.393,0.433,0.527,0.501,0.534,0.534,0.586,0.588,0.586,0.527,-0.322,-0.259,-0.322,-0.259,-0.265,-0.259,-0.02,1.0,0.962,0.347,0.23,0.42,0.409,0.334,0.3,0.394,0.5,0,high,high,high,none,high,Defense index increased after opponent-quality adjustment.; Attack boosted by opponent adjustment but goal residual is negative. Schedule strength may be misleading; residuals do not support the full opponent boost.,,,,1564.449,1533.204,1167.217,1906.475,1.0,9,3,average,,Defense index increased after opponent-quality adjustment.,Attack boosted by opponent adjustment but goal residual is negative. Schedule strength may be misleading; residuals do not support the full opponent boost.,,2026-06-25T22:09:13+00:00
South Korea,2026-06-27,2022-06-27,2026-06-27,1010,40,2023-09-07,2026-06-18,calibrated_4y_40m_hl365,40,1.782,1.637,1.782,0.8,0.903,0.8,0.982,1.778,0.908,0.605,0.657,0.72,0.72,0.485,0.539,0.485,0.605,0.609,0.609,0.638,0.638,0.607,0.579,0.607,0.609,-0.046,0.116,-0.046,-0.322,-0.237,-0.322,0.023,1.0,0.932,0.339,0.239,0.696,0.459,0.527,0.342,0.237,0.5,0,high,high,high,none,high,Recent schedule skews toward strong opponents.; Attack index increased after opponent-quality adjustment.; Schedule strength may be misleading; residuals do not support the full opponent boost.,,,,1655.349,1674.722,1338.602,1968.223,1.0,17,1,strong,Recent schedule skews toward strong opponents.,Attack index increased after opponent-quality adjustment.,Schedule strength may be misleading; residuals do not support the full opponent boost.,,2026-06-25T22:09:13+00:00
South Ossetia,2026-06-27,2022-06-27,2026-06-27,17,0,,,calibrated_4y_40m_hl365,0,,,,,,,,2.059,2.176,0.5,0.5,0.5,0.5,0.5,0.5,0.5,0.5,0.5,0.5,0.5,0.5,0.5,0.5,0.5,0.5,,,,,,,,0.0,,,,0.5,,,,,0.5,0,insufficient,insufficient,insufficient,none,insufficient,Fewer than 8 recent matches; behavior is insufficient.; No recent match date available.; Opponent Elo missing for recent matches; schedule strength unknown.; Residual coverage is 0%; residual behavior is unreliable.,Fewer than 8 recent matches; behavior is insufficient.,No recent match date available.,,,,,,0.0,0,0,unknown,Opponent Elo missing for recent matches; schedule strength unknown.,,Residual coverage is 0%; residual behavior is unreliable.,,2026-06-25T22:09:13+00:00
South Sudan,2026-06-27,2022-06-27,2026-06-27,78,25,2023-03-23,2025-11-25,calibrated_4y_40m_hl365,25,0.433,0.428,0.433,1.763,1.826,1.763,-1.33,0.641,1.821,0.224,0.191,0.194,0.194,0.299,0.3,0.299,0.224,0.401,0.33,0.348,0.348,0.567,0.459,0.567,0.401,-0.602,-0.599,-0.602,-0.2,0.123,-0.2,0.016,1.0,0.894,0.455,0.493,0.132,0.317,0.413,0.25,0.677,0.5,0,moderate,moderate,moderate,none,moderate,Attack boosted by opponent adjustment but goal residual is negative.,,,,1528.44,1502.27,1241.011,1827.996,1.0,3,2,average,,,Attack boosted by opponent adjustment but goal residual is negative.,,2026-06-25T22:09:13+00:00
South Yemen,2026-06-27,2022-06-27,2026-06-27,3,0,,,calibrated_4y_40m_hl365,0,,,,,,,,0.333,2.667,0.5,0.5,0.5,0.5,0.5,0.5,0.5,0.5,0.5,0.5,0.5,0.5,0.5,0.5,0.5,0.5,,,,,,,,0.0,,,,0.5,,,,,0.5,0,insufficient,insufficient,insufficient,none,insufficient,Fewer than 8 recent matches; behavior is insufficient.; No recent match date available.; Opponent Elo missing for recent matches; schedule strength unknown.; Residual coverage is 0%; residual behavior is unreliable.,Fewer than 8 recent matches; behavior is insufficient.,No recent match date available.,,,,,,0.0,0,0,unknown,Opponent Elo missing for recent matches; schedule strength unknown.,,Residual coverage is 0%; residual behavior is unreliable.,,2026-06-25T22:09:13+00:00
Spain,2026-06-27,2022-06-27,2026-06-27,784,40,2023-06-15,2026-06-15,calibrated_4y_40m_hl365,40,2.427,2.229,2.427,0.564,0.682,0.564,1.863,2.043,0.897,0.718,0.798,0.895,0.895,0.533,0.633,0.533,0.718,0.671,0.711,0.76,0.76,0.578,0.587,0.578,0.671,0.098,0.4,0.098,-0.234,-0.26,-0.234,-0.035,1.0,0.883,0.382,0.327,0.79,0.401,0.649,0.657,0.194,0.5,0,high,high,high,none,high,Recent schedule skews toward strong opponents.; Attack index increased after opponent-quality adjustment. Defense index increased after opponent-quality adjustment.; Large raw-vs-residual attack disagreement. Schedule strength may be misleading; residuals do not support the full opponent boost.,,,,1764.46,1795.108,1174.953,2047.319,1.0,27,1,strong,Recent schedule skews toward strong opponents.,Attack index increased after opponent-quality adjustment. Defense index increased after opponent-quality adjustment.,Large raw-vs-residual attack disagreement. Schedule strength may be misleading; residuals do not support the full opponent boost.,,2026-06-25T22:09:13+00:00
Sri Lanka,2026-06-27,2022-06-27,2026-06-27,251,21,2023-10-12,2025-11-18,calibrated_4y_40m_hl365,21,0.685,0.824,0.685,1.702,1.549,1.702,-1.017,0.944,2.295,0.382,0.355,0.297,0.297,0.444,0.425,0.444,0.382,0.466,0.398,0.349,0.349,0.626,0.583,0.626,0.466,-0.168,-0.226,-0.168,-0.379,-0.25,-0.379,0.157,1.0,0.917,0.476,0.5,0.292,0.353,0.529,0.241,0.449,0.5,0,moderate,moderate,moderate,none,moderate,Recent schedule skews toward weak opponents.; Attack index reduced after opponent-quality adjustment. Defense index reduced after opponent-quality adjustment.,,,,1216.462,1167.891,981.124,1540.339,1.0,0,16,weak,Recent schedule skews toward weak opponents.,Attack index reduced after opponent-quality adjustment. Defense index reduced after opponent-quality adjustment.,,,2026-06-25T22:09:13+00:00
Sudan,2026-06-27,2022-06-27,2026-06-27,469,36,2022-09-26,2026-01-03,calibrated_4y_40m_hl365,36,0.492,0.49,0.492,1.153,1.257,1.153,-0.661,1.083,1.352,0.238,0.224,0.225,0.225,0.273,0.273,0.273,0.238,0.527,0.484,0.518,0.518,0.628,0.616,0.628,0.527,-0.681,-0.682,-0.681,-0.384,-0.347,-0.384,-0.001,1.0,0.972,0.292,0.295,0.268,0.23,0.274,0.375,0.631,0.5,0,high,high,high,none,high,Defense index increased after opponent-quality adjustment.; Attack boosted by opponent adjustment but goal residual is negative.,,,,1554.404,1558.984,1289.731,1838.084,1.0,6,2,average,,Defense index increased after opponent-quality adjustment.,Attack boosted by opponent adjustment but goal residual is negative.,,2026-06-25T22:09:13+00:00
Suriname,2026-06-27,2022-06-27,2026-06-27,399,30,2022-09-22,2026-03-26,calibrated_4y_40m_hl365,30,1.378,1.346,1.378,1.044,1.155,1.044,0.334,1.88,1.416,0.507,0.528,0.545,0.545,0.459,0.525,0.459,0.507,0.546,0.523,0.553,0.553,0.601,0.6,0.601,0.546,-0.124,0.076,-0.124,-0.303,-0.301,-0.303,0.071,1.0,0.944,0.338,0.365,0.438,0.546,0.449,0.339,0.235,0.5,0,high,high,high,none,high,Defense index increased after opponent-quality adjustment.; Attack boosted by opponent adjustment but goal residual is negative. Schedule strength may be misleading; residuals do not support the full opponent boost.,,,,1551.119,1539.24,1014.814,1858.313,1.0,8,4,average,,Defense index increased after opponent-quality adjustment.,Attack boosted by opponent adjustment but goal residual is negative. Schedule strength may be misleading; residuals do not support the full opponent boost.,,2026-06-25T22:09:13+00:00
Surrey,2026-06-27,2022-06-27,2026-06-27,1,0,,,calibrated_4y_40m_hl365,0,,,,,,,,3.0,1.0,0.5,0.5,0.5,0.5,0.5,0.5,0.5,0.5,0.5,0.5,0.5,0.5,0.5,0.5,0.5,0.5,,,,,,,,0.0,,,,0.5,,,,,0.5,0,insufficient,insufficient,insufficient,none,insufficient,Fewer than 8 recent matches; behavior is insufficient.; No recent match date available.; Opponent Elo missing for recent matches; schedule strength unknown.; Residual coverage is 0%; residual behavior is unreliable.,Fewer than 8 recent matches; behavior is insufficient.,No recent match date available.,,,,,,0.0,0,0,unknown,Opponent Elo missing for recent matches; schedule strength unknown.,,Residual coverage is 0%; residual behavior is unreliable.,,2026-06-25T22:09:13+00:00
Sweden,2026-06-27,2022-06-27,2026-06-27,1102,40,2022-11-16,2026-06-14,calibrated_4y_40m_hl365,40,2.208,2.04,2.208,1.382,1.598,1.382,0.826,1.975,1.29,0.706,0.737,0.819,0.819,0.631,0.788,0.631,0.706,0.357,0.329,0.385,0.385,0.421,0.416,0.421,0.357,0.394,0.865,0.394,0.236,0.253,0.236,0.067,1.0,0.89,0.458,0.314,0.586,0.702,0.712,0.094,0.204,0.5,0,high,high,high,none,high,Recent schedule skews toward strong opponents.; Attack index increased after opponent-quality adjustment. Defense index increased after opponent-quality adjustment.; Defense boosted by opponent adjustment but goals-against residual is poor. Schedule strength may be misleading; residuals do not support the full opponent boost.,,,,1669.98,1714.947,1341.943,1993.503,1.0,23,1,strong,Recent schedule skews toward strong opponents.,Attack index increased after opponent-quality adjustment. Defense index increased after opponent-quality adjustment.,Defense boosted by opponent adjustment but goals-against residual is poor. Schedule strength may be misleading; residuals do not support the full opponent boost.,,2026-06-25T22:09:13+00:00
Switzerland,2026-06-27,2022-06-27,2026-06-27,887,40,2023-06-16,2026-06-18,calibrated_4y_40m_hl365,40,2.133,2.013,2.133,0.862,0.978,0.862,1.271,1.495,1.632,0.672,0.732,0.8,0.8,0.533,0.632,0.533,0.672,0.569,0.571,0.607,0.607,0.562,0.559,0.562,0.569,0.099,0.396,0.099,-0.187,-0.177,-0.187,-0.017,1.0,0.909,0.341,0.34,0.603,0.723,0.43,0.279,0.109,0.5,0,high,high,high,none,high,Recent schedule skews toward strong opponents.; Attack index increased after opponent-quality adjustment. Defense index increased after opponent-quality adjustment.; Schedule strength may be misleading; residuals do not support the full opponent boost.,,,,1710.022,1736.633,1180.113,2090.492,1.0,22,2,strong,Recent schedule skews toward strong opponents.,Attack index increased after opponent-quality adjustment. Defense index increased after opponent-quality adjustment.,Schedule strength may be misleading; residuals do not support the full opponent boost.,,2026-06-25T22:09:13+00:00
Syria,2026-06-27,2022-06-27,2026-06-27,484,40,2022-11-17,2026-06-05,calibrated_4y_40m_hl365,40,1.571,1.674,1.571,0.832,0.848,0.832,0.739,1.43,1.318,0.583,0.632,0.575,0.575,0.471,0.6,0.471,0.583,0.672,0.67,0.659,0.659,0.678,0.623,0.678,0.672,-0.087,0.3,-0.087,-0.533,-0.369,-0.533,0.051,1.0,0.865,0.368,0.288,0.554,0.311,0.458,0.491,0.213,0.5,0,high,high,high,none,high,Attack index reduced after opponent-quality adjustment.,,,,1520.298,1516.704,1083.968,1912.09,1.0,8,9,average,,Attack index reduced after opponent-quality adjustment.,,,2026-06-25T22:09:13+00:00
Székely Land,2026-06-27,2022-06-27,2026-06-27,27,2,2023-06-30,2023-07-02,calibrated_4y_40m_hl365,2,3.542,3.501,3.542,0.971,0.997,0.971,2.571,2.074,2.074,1.0,1.0,1.0,1.0,1.0,1.0,1.0,1.0,0.555,0.551,0.557,0.557,0.565,0.655,0.565,0.555,1.75,3.757,1.75,-0.194,-0.466,-0.194,0.551,1.0,0.774,1.0,1.0,0.995,0.499,1.0,0.493,0.0,0.5,0,insufficient,insufficient,insufficient,none,insufficient,Fewer than 8 recent matches; behavior is insufficient.; Latest match is 1091 days before reference date.; Recent goals-for differs from all-time by +1.47. Recent goals-against differs from all-time by -1.10.; Attack residuals are concentrated in the top 3 matches (100%). Defense residuals are concentrated in the top 3 matches (100%).,Fewer than 8 recent matches; behavior is insufficient.,Latest match is 1091 days before reference date.,,1508.379,1508.379,1473.485,1543.273,1.0,0,0,average,,,,Attack residuals are concentrated in the top 3 matches (100%). Defense residuals are concentrated in the top 3 matches (100%).,2026-06-25T22:09:13+00:00
Sápmi,2026-06-27,2022-06-27,2026-06-27,29,1,2023-07-16,2023-07-16,calibrated_4y_40m_hl365,1,1.039,1.0,1.039,1.925,2.0,1.925,-0.886,3.103,1.862,0.465,0.483,0.489,0.489,0.425,0.425,0.425,0.465,0.169,0.1,0.123,0.123,0.329,0.329,0.329,0.169,-0.226,-0.226,-0.226,0.513,0.513,0.513,-0.331,1.0,1.0,1.0,1.0,0.056,1.0,1.0,0.0,0.0,0.5,0,insufficient,insufficient,insufficient,none,insufficient,Fewer than 8 recent matches; behavior is insufficient.; Latest match is 1077 days before reference date.; Recent goals-for differs from all-time by -2.06.; Attack boosted by opponent adjustment but goal residual is negative. Defense boosted by opponent adjustment but goals-against residual is poor. Schedule strength may be misleading; residuals do not support the full opponent boost.; Attack residuals are concentrated in the top 3 matches (100%). Defense residuals are concentrated in the top 3 matches (100%).,Fewer than 8 recent matches; behavior is insufficient.,Latest match is 1077 days before reference date.,,1562.521,1562.521,1562.521,1562.521,1.0,0,0,average,,,Attack boosted by opponent adjustment but goal residual is negative. Defense boosted by opponent adjustment but goals-against residual is poor. Schedule strength may be misleading; residuals do not support the full opponent boost.,Attack residuals are concentrated in the top 3 matches (100%). Defense residuals are concentrated in the top 3 matches (100%).,2026-06-25T22:09:13+00:00
São Tomé and Príncipe,2026-06-27,2022-06-27,2026-06-27,71,16,2023-03-22,2025-10-13,calibrated_4y_40m_hl365,16,0.605,0.615,0.605,2.284,2.277,2.284,-1.679,0.746,2.563,0.321,0.286,0.281,0.281,0.402,0.381,0.402,0.321,0.241,0.165,0.167,0.167,0.416,0.265,0.416,0.241,-0.293,-0.358,-0.293,0.252,0.706,0.252,0.018,1.0,0.876,0.601,0.63,0.15,0.306,0.621,0.176,0.536,0.5,0,moderate,moderate,moderate,none,moderate,Defense boosted by opponent adjustment but goals-against residual is poor. Large raw-vs-residual defense disagreement.; Attack residuals are concentrated in the top 3 matches (60%). Defense residuals are concentrated in the top 3 matches (63%).,,,,1497.975,1469.803,1310.912,1774.722,1.0,2,2,average,,,Defense boosted by opponent adjustment but goals-against residual is poor. Large raw-vs-residual defense disagreement.,Attack residuals are concentrated in the top 3 matches (60%). Defense residuals are concentrated in the top 3 matches (63%).,2026-06-25T22:09:13+00:00
Tahiti,2026-06-27,2022-06-27,2026-06-27,242,17,2023-03-21,2025-03-21,calibrated_4y_40m_hl365,17,1.17,1.246,1.17,1.289,1.351,1.289,-0.119,2.715,1.533,0.485,0.503,0.47,0.47,0.443,0.469,0.443,0.485,0.51,0.493,0.503,0.503,0.549,0.462,0.549,0.51,-0.17,-0.094,-0.17,-0.148,0.113,-0.148,0.008,1.0,0.852,0.445,0.49,0.471,0.204,0.599,0.354,0.438,0.5,0,low,low,low,none,low,Latest match is 463 days before reference date.; Recent goals-for differs from all-time by -1.54.; Recent schedule skews toward weak opponents.; Attack index reduced after opponent-quality adjustment.,,Latest match is 463 days before reference date.,,1456.379,1499.499,1111.305,1737.835,1.0,2,6,weak,Recent schedule skews toward weak opponents.,Attack index reduced after opponent-quality adjustment.,,,2026-06-25T22:09:13+00:00
Taiwan,2026-06-27,2022-06-27,2026-06-27,245,23,2022-12-14,2025-11-18,calibrated_4y_40m_hl365,23,0.865,0.995,0.865,2.751,2.615,2.751,-1.886,1.306,2.506,0.429,0.422,0.372,0.372,0.446,0.476,0.446,0.429,0.11,0.048,0.031,0.031,0.255,0.09,0.255,0.11,-0.163,-0.071,-0.163,0.736,1.229,0.736,-0.133,1.0,0.863,0.496,0.604,0.073,0.639,0.805,0.059,0.284,0.5,0,moderate,moderate,moderate,none,moderate,Recent schedule skews toward weak opponents.; Attack index reduced after opponent-quality adjustment.; Defense residuals are concentrated in the top 3 matches (60%).,,,,1364.001,1399.277,947.326,1673.166,1.0,0,10,weak,Recent schedule skews toward weak opponents.,Attack index reduced after opponent-quality adjustment.,,Defense residuals are concentrated in the top 3 matches (60%).,2026-06-25T22:09:13+00:00
Tajikistan,2026-06-27,2022-06-27,2026-06-27,201,36,2022-09-22,2026-06-09,calibrated_4y_40m_hl365,36,1.602,1.855,1.602,0.833,0.789,0.833,0.769,1.488,1.383,0.642,0.697,0.587,0.587,0.514,0.599,0.514,0.642,0.652,0.663,0.623,0.623,0.627,0.606,0.627,0.652,0.042,0.297,0.042,-0.38,-0.319,-0.38,-0.002,1.0,0.88,0.359,0.366,0.541,0.367,0.554,0.363,0.217,0.5,0,high,high,high,none,high,Recent schedule skews toward weak opponents.; Attack index reduced after opponent-quality adjustment. Defense index reduced after opponent-quality adjustment.,,,,1414.551,1429.981,964.388,1775.988,1.0,3,16,weak,Recent schedule skews toward weak opponents.,Attack index reduced after opponent-quality adjustment. Defense index reduced after opponent-quality adjustment.,,,2026-06-25T22:09:13+00:00
Tamil Eelam,2026-06-27,2022-06-27,2026-06-27,28,6,2023-08-04,2025-07-04,calibrated_4y_40m_hl365,6,3.163,3.291,3.163,0.383,0.376,0.383,2.781,2.571,2.179,0.977,1.0,0.98,0.98,0.923,1.0,0.923,0.977,0.799,0.821,0.812,0.812,0.747,0.789,0.747,0.799,1.268,2.108,1.268,-0.742,-0.866,-0.742,0.353,1.0,0.739,0.803,0.883,0.971,0.376,1.0,0.594,0.0,0.5,0,insufficient,insufficient,insufficient,none,insufficient,Fewer than 8 recent matches; behavior is insufficient.; Recent goals-against differs from all-time by -1.80.; Recent schedule skews toward weak opponents.; Attack residuals are concentrated in the top 3 matches (80%). Defense residuals are concentrated in the top 3 matches (88%).,Fewer than 8 recent matches; behavior is insufficient.,,,1445.279,1490.12,1345.621,1500.0,1.0,0,1,weak,Recent schedule skews toward weak opponents.,,,Attack residuals are concentrated in the top 3 matches (80%). Defense residuals are concentrated in the top 3 matches (88%).,2026-06-25T22:09:13+00:00
Tanzania,2026-06-27,2022-06-27,2026-06-27,599,39,2022-09-24,2026-03-29,calibrated_4y_40m_hl365,39,0.817,0.812,0.817,1.04,1.091,1.04,-0.222,1.102,1.489,0.315,0.319,0.312,0.312,0.305,0.374,0.305,0.315,0.55,0.514,0.524,0.524,0.633,0.629,0.633,0.55,-0.586,-0.378,-0.586,-0.4,-0.387,-0.4,-0.131,1.0,0.961,0.352,0.299,0.263,0.301,0.202,0.202,0.534,0.5,0,high,high,high,none,high,,,,,1542.22,1545.603,943.584,1900.641,1.0,9,3,average,,,,,2026-06-25T22:09:13+00:00
Thailand,2026-06-27,2022-06-27,2026-06-27,865,40,2023-09-07,2026-06-09,calibrated_4y_40m_hl365,40,1.824,2.018,1.824,1.032,0.979,1.032,0.792,1.607,1.481,0.691,0.749,0.666,0.666,0.556,0.699,0.556,0.691,0.572,0.582,0.554,0.554,0.55,0.547,0.55,0.572,0.169,0.597,0.169,-0.15,-0.142,-0.15,0.0,1.0,0.902,0.272,0.294,0.573,0.503,0.628,0.376,0.159,0.5,0,high,high,high,none,high,Recent schedule skews toward weak opponents.; Attack index reduced after opponent-quality adjustment.,,,,1436.433,1448.238,977.627,1919.966,1.0,5,14,weak,Recent schedule skews toward weak opponents.,Attack index reduced after opponent-quality adjustment.,,,2026-06-25T22:09:13+00:00
Tibet,2026-06-27,2022-06-27,2026-06-27,21,5,2022-08-07,2025-07-03,calibrated_4y_40m_hl365,5,2.057,2.081,2.057,3.91,3.923,3.91,-1.853,1.429,5.762,0.677,0.65,0.642,0.642,0.741,0.814,0.741,0.677,0.0,0.0,0.0,0.0,0.0,0.0,0.0,0.0,0.724,0.942,0.724,1.722,3.248,1.722,-0.29,1.0,0.824,0.973,0.921,0.01,0.572,1.0,0.0,0.428,0.5,0,insufficient,insufficient,insufficient,none,insufficient,Fewer than 8 recent matches; behavior is insufficient.; Recent goals-against differs from all-time by -1.85.; Attack residuals are concentrated in the top 3 matches (97%). Defense residuals are concentrated in the top 3 matches (92%).,Fewer than 8 recent matches; behavior is insufficient.,,,1470.485,1486.964,1368.569,1515.842,1.0,0,0,average,,,,Attack residuals are concentrated in the top 3 matches (97%). Defense residuals are concentrated in the top 3 matches (92%).,2026-06-25T22:09:13+00:00
Ticino,2026-06-27,2022-06-27,2026-06-27,2,2,2023-06-17,2023-08-06,calibrated_4y_40m_hl365,2,0.927,1.0,0.927,4.0,4.0,4.0,-3.073,1.0,6.5,0.436,0.483,0.447,0.447,0.327,0.327,0.327,0.436,0.0,0.0,0.0,0.0,0.0,0.0,0.0,0.0,-0.518,-0.519,-0.518,1.75,5.623,1.75,-0.653,1.0,0.565,1.0,1.0,0.0,1.0,1.0,0.0,0.0,0.5,0,insufficient,insufficient,insufficient,none,insufficient,Fewer than 8 recent matches; behavior is insufficient.; Latest match is 1056 days before reference date.; Recent goals-against differs from all-time by -2.50.; Recent schedule skews toward weak opponents.; Attack index reduced after opponent-quality adjustment.; Attack residuals are concentrated in the top 3 matches (100%). Defense residuals are concentrated in the top 3 matches (100%).,Fewer than 8 recent matches; behavior is insufficient.,Latest match is 1056 days before reference date.,,1385.641,1385.641,1370.663,1400.62,1.0,0,0,weak,Recent schedule skews toward weak opponents.,Attack index reduced after opponent-quality adjustment.,,Attack residuals are concentrated in the top 3 matches (100%). Defense residuals are concentrated in the top 3 matches (100%).,2026-06-25T22:09:13+00:00
Timor-Leste,2026-06-27,2022-06-27,2026-06-27,86,18,2022-11-05,2025-11-18,calibrated_4y_40m_hl365,18,0.613,0.727,0.613,2.666,2.533,2.666,-2.053,0.826,3.302,0.346,0.315,0.268,0.268,0.42,0.427,0.42,0.346,0.206,0.125,0.093,0.093,0.393,0.184,0.393,0.206,-0.24,-0.218,-0.24,0.32,0.948,0.32,0.041,1.0,0.83,0.415,0.467,0.118,0.408,0.703,0.131,0.456,0.5,0,moderate,moderate,moderate,none,moderate,Recent schedule skews toward weak opponents.; Attack index reduced after opponent-quality adjustment. Defense index reduced after opponent-quality adjustment.; Large raw-vs-residual defense disagreement.,,,,1243.487,1183.982,1013.0,1558.801,1.0,0,13,weak,Recent schedule skews toward weak opponents.,Attack index reduced after opponent-quality adjustment. Defense index reduced after opponent-quality adjustment.,Large raw-vs-residual defense disagreement.,,2026-06-25T22:09:13+00:00
Togo,2026-06-27,2022-06-27,2026-06-27,447,29,2022-09-24,2026-06-09,calibrated_4y_40m_hl365,29,1.045,1.049,1.045,1.055,1.073,1.055,-0.01,1.101,1.387,0.413,0.434,0.433,0.433,0.365,0.433,0.365,0.413,0.552,0.522,0.525,0.525,0.622,0.608,0.622,0.552,-0.406,-0.2,-0.406,-0.365,-0.323,-0.365,0.034,1.0,0.956,0.403,0.472,0.398,0.396,0.301,0.298,0.395,0.5,0,high,high,high,none,high,,,,,1537.449,1516.439,1298.336,1798.074,1.0,6,2,average,,,,,2026-06-25T22:09:13+00:00
Tonga,2026-06-27,2022-06-27,2026-06-27,68,8,2023-11-18,2024-09-09,calibrated_4y_40m_hl365,8,1.189,1.353,1.189,2.398,2.201,2.398,-1.209,1.191,3.721,0.526,0.52,0.445,0.445,0.54,0.597,0.54,0.526,0.221,0.152,0.093,0.093,0.383,0.21,0.383,0.221,0.121,0.292,0.121,0.352,0.869,0.352,-0.068,1.0,0.875,0.803,0.595,0.225,0.715,0.851,0.0,0.285,0.5,0,low,low,low,none,low,Latest match is 656 days before reference date.; Recent goals-against differs from all-time by -1.32.; Recent schedule skews toward weak opponents.; Attack index reduced after opponent-quality adjustment. Defense index reduced after opponent-quality adjustment.; Attack residuals are concentrated in the top 3 matches (80%).,,Latest match is 656 days before reference date.,,1277.087,1261.909,1106.741,1549.577,1.0,0,7,weak,Recent schedule skews toward weak opponents.,Attack index reduced after opponent-quality adjustment. Defense index reduced after opponent-quality adjustment.,,Attack residuals are concentrated in the top 3 matches (80%).,2026-06-25T22:09:13+00:00
Trinidad and Tobago,2026-06-27,2022-06-27,2026-06-27,753,40,2023-07-02,2026-06-09,calibrated_4y_40m_hl365,40,1.297,1.291,1.297,1.779,1.87,1.779,-0.482,1.684,1.337,0.505,0.518,0.521,0.521,0.474,0.529,0.474,0.505,0.32,0.277,0.301,0.301,0.421,0.323,0.421,0.32,-0.077,0.088,-0.077,0.237,0.532,0.237,-0.029,1.0,0.866,0.263,0.245,0.309,0.579,0.659,0.152,0.329,0.5,0,high,high,high,none,high,Attack boosted by opponent adjustment but goal residual is negative. Defense boosted by opponent adjustment but goals-against residual is poor. Schedule strength may be misleading; residuals do not support the full opponent boost.,,,,1594.68,1618.037,1194.438,1885.655,1.0,9,4,average,,,Attack boosted by opponent adjustment but goal residual is negative. Defense boosted by opponent adjustment but goals-against residual is poor. Schedule strength may be misleading; residuals do not support the full opponent boost.,,2026-06-25T22:09:13+00:00
Tunisia,2026-06-27,2022-06-27,2026-06-27,679,40,2023-11-17,2026-06-14,calibrated_4y_40m_hl365,40,1.528,1.483,1.528,1.176,1.215,1.176,0.352,1.436,1.024,0.541,0.589,0.604,0.604,0.429,0.479,0.429,0.541,0.544,0.541,0.556,0.556,0.551,0.427,0.551,0.544,-0.214,-0.063,-0.214,-0.154,0.218,-0.154,-0.101,1.0,0.877,0.198,0.325,0.508,0.426,0.503,0.422,0.218,0.5,0,high,high,high,none,high,Attack boosted by opponent adjustment but goal residual is negative. Schedule strength may be misleading; residuals do not support the full opponent boost.,,,,1574.791,1539.532,1200.286,1972.099,1.0,9,2,average,,,Attack boosted by opponent adjustment but goal residual is negative. Schedule strength may be misleading; residuals do not support the full opponent boost.,,2026-06-25T22:09:13+00:00
Turkey,2026-06-27,2022-06-27,2026-06-27,644,40,2023-03-28,2026-06-19,calibrated_4y_40m_hl365,40,1.624,1.508,1.624,1.004,1.139,1.004,0.62,1.396,1.408,0.533,0.567,0.62,0.62,0.454,0.535,0.454,0.533,0.526,0.512,0.558,0.558,0.56,0.511,0.56,0.526,-0.139,0.105,-0.139,-0.181,-0.033,-0.181,0.011,1.0,0.922,0.394,0.377,0.608,0.377,0.48,0.341,0.342,0.5,0,high,high,high,none,high,Recent schedule skews toward strong opponents.; Attack index increased after opponent-quality adjustment. Defense index increased after opponent-quality adjustment.; Attack boosted by opponent adjustment but goal residual is negative. Schedule strength may be misleading; residuals do not support the full opponent boost.,,,,1743.748,1742.144,1383.272,2114.873,1.0,25,0,strong,Recent schedule skews toward strong opponents.,Attack index increased after opponent-quality adjustment. Defense index increased after opponent-quality adjustment.,Attack boosted by opponent adjustment but goal residual is negative. Schedule strength may be misleading; residuals do not support the full opponent boost.,,2026-06-25T22:09:13+00:00
Turkmenistan,2026-06-27,2022-06-27,2026-06-27,175,19,2023-03-23,2025-11-18,calibrated_4y_40m_hl365,19,1.385,1.623,1.385,1.352,1.229,1.352,0.033,1.514,1.52,0.599,0.633,0.539,0.539,0.519,0.518,0.519,0.599,0.477,0.462,0.441,0.441,0.513,0.497,0.513,0.477,0.056,0.054,0.056,-0.039,0.009,-0.039,-0.014,1.0,0.979,0.754,0.468,0.498,0.669,0.699,0.05,0.315,0.5,0,moderate,moderate,moderate,none,moderate,Attack index reduced after opponent-quality adjustment.; Attack residuals are concentrated in the top 3 matches (75%).,,,,1476.17,1479.415,1062.813,1855.114,1.0,4,6,average,,Attack index reduced after opponent-quality adjustment.,,Attack residuals are concentrated in the top 3 matches (75%).,2026-06-25T22:09:13+00:00
Turks and Caicos Islands,2026-06-27,2022-06-27,2026-06-27,52,14,2023-03-25,2025-08-16,calibrated_4y_40m_hl365,14,0.977,1.126,0.977,2.028,1.788,2.028,-1.051,1.0,3.596,0.454,0.462,0.394,0.394,0.437,0.439,0.437,0.454,0.32,0.27,0.201,0.201,0.436,0.388,0.436,0.32,-0.189,-0.184,-0.189,0.193,0.335,0.193,0.019,1.0,0.936,0.563,0.441,0.317,0.601,0.553,0.063,0.381,0.5,0,low,low,low,none,low,Recent goals-against differs from all-time by -1.57.; Recent schedule skews toward weak opponents.; Attack index reduced after opponent-quality adjustment. Defense index reduced after opponent-quality adjustment.,,,,1152.984,1078.783,1001.234,1469.458,1.0,0,13,weak,Recent schedule skews toward weak opponents.,Attack index reduced after opponent-quality adjustment. Defense index reduced after opponent-quality adjustment.,,,2026-06-25T22:09:13+00:00
Tuvalu,2026-06-27,2022-06-27,2026-06-27,39,4,2023-11-17,2023-11-30,calibrated_4y_40m_hl365,4,1.579,2.027,1.579,2.052,1.982,2.052,-0.473,1.154,5.333,0.622,0.62,0.483,0.483,0.627,0.737,0.627,0.622,0.319,0.301,0.273,0.273,0.36,0.153,0.36,0.319,0.382,0.71,0.382,0.419,1.041,0.419,0.073,1.0,0.655,0.847,0.964,0.392,0.254,1.0,0.2,0.493,0.5,0,insufficient,insufficient,insufficient,none,insufficient,Fewer than 8 recent matches; behavior is insufficient.; Latest match is 940 days before reference date.; Recent goals-against differs from all-time by -3.28.; Recent schedule skews toward weak opponents.; Attack index reduced after opponent-quality adjustment.; Attack residuals are concentrated in the top 3 matches (85%). Defense residuals are concentrated in the top 3 matches (96%).,Fewer than 8 recent matches; behavior is insufficient.,Latest match is 940 days before reference date.,,1321.885,1327.115,1122.894,1510.418,1.0,0,2,weak,Recent schedule skews toward weak opponents.,Attack index reduced after opponent-quality adjustment.,,Attack residuals are concentrated in the top 3 matches (85%). Defense residuals are concentrated in the top 3 matches (96%).,2026-06-25T22:09:13+00:00
Two Sicilies,2026-06-27,2022-06-27,2026-06-27,6,2,2023-07-01,2023-07-02,calibrated_4y_40m_hl365,2,0.509,0.499,0.509,3.472,3.501,3.472,-2.963,0.5,3.0,0.251,0.241,0.246,0.246,0.275,0.221,0.275,0.251,0.0,0.0,0.0,0.0,0.0,0.0,0.0,0.0,-0.676,-0.838,-0.676,1.637,3.637,1.637,-0.437,1.0,0.775,1.0,1.0,0.0,0.499,1.0,0.0,0.501,0.5,0,insufficient,insufficient,insufficient,none,insufficient,Fewer than 8 recent matches; behavior is insufficient.; Latest match is 1091 days before reference date.; Attack boosted by opponent adjustment but goal residual is negative.; Attack residuals are concentrated in the top 3 matches (100%). Defense residuals are concentrated in the top 3 matches (100%).,Fewer than 8 recent matches; behavior is insufficient.,Latest match is 1091 days before reference date.,,1487.075,1487.075,1443.067,1531.082,1.0,0,0,average,,,Attack boosted by opponent adjustment but goal residual is negative.,Attack residuals are concentrated in the top 3 matches (100%). Defense residuals are concentrated in the top 3 matches (100%).,2026-06-25T22:09:13+00:00
Uganda,2026-06-27,2022-06-27,2026-06-27,685,34,2022-09-21,2025-12-30,calibrated_4y_40m_hl365,34,1.279,1.304,1.279,1.212,1.333,1.212,0.067,1.504,1.181,0.524,0.562,0.552,0.552,0.434,0.47,0.434,0.524,0.491,0.478,0.503,0.503,0.52,0.514,0.52,0.491,-0.199,-0.091,-0.199,-0.061,-0.041,-0.061,0.016,1.0,0.944,0.365,0.341,0.46,0.489,0.54,0.373,0.11,0.5,0,high,high,high,none,high,,,,,1511.436,1479.308,1097.923,1887.153,1.0,7,5,average,,,,,2026-06-25T22:09:13+00:00
Ukraine,2026-06-27,2022-06-27,2026-06-27,338,40,2022-09-21,2026-06-07,calibrated_4y_40m_hl365,40,1.524,1.418,1.524,1.461,1.666,1.461,0.063,1.405,1.059,0.557,0.593,0.642,0.642,0.473,0.495,0.473,0.557,0.374,0.358,0.419,0.419,0.412,0.369,0.412,0.374,-0.082,-0.015,-0.082,0.263,0.392,0.263,-0.048,1.0,0.956,0.321,0.388,0.504,0.591,0.613,0.257,0.214,0.5,0,high,high,high,none,high,Recent schedule skews toward strong opponents.; Attack index increased after opponent-quality adjustment. Defense index increased after opponent-quality adjustment.; Attack boosted by opponent adjustment but goal residual is negative. Defense boosted by opponent adjustment but goals-against residual is poor. Schedule strength may be misleading; residuals do not support the full opponent boost.,,,,1711.833,1707.836,1297.001,2027.933,1.0,22,2,strong,Recent schedule skews toward strong opponents.,Attack index increased after opponent-quality adjustment. Defense index increased after opponent-quality adjustment.,Attack boosted by opponent adjustment but goal residual is negative. Defense boosted by opponent adjustment but goals-against residual is poor. Schedule strength may be misleading; residuals do not support the full opponent boost.,,2026-06-25T22:09:13+00:00
United Arab Emirates,2026-06-27,2022-06-27,2026-06-27,612,40,2023-03-25,2025-12-15,calibrated_4y_40m_hl365,40,1.41,1.372,1.41,1.053,1.17,1.053,0.358,1.417,1.242,0.535,0.565,0.589,0.589,0.467,0.498,0.467,0.535,0.497,0.473,0.504,0.504,0.553,0.556,0.553,0.497,-0.099,-0.007,-0.099,-0.158,-0.169,-0.158,-0.019,1.0,0.957,0.235,0.287,0.446,0.71,0.544,0.167,0.171,0.5,0,moderate,moderate,moderate,none,moderate,Defense index increased after opponent-quality adjustment.; Attack boosted by opponent adjustment but goal residual is negative. Schedule strength may be misleading; residuals do not support the full opponent boost.,,,,1591.433,1611.043,1158.3,1891.63,1.0,13,5,average,,Defense index increased after opponent-quality adjustment.,Attack boosted by opponent adjustment but goal residual is negative. Schedule strength may be misleading; residuals do not support the full opponent boost.,,2026-06-25T22:09:13+00:00
United Koreans in Japan,2026-06-27,2022-06-27,2026-06-27,12,0,,,calibrated_4y_40m_hl365,0,,,,,,,,1.667,0.917,0.5,0.5,0.5,0.5,0.5,0.5,0.5,0.5,0.5,0.5,0.5,0.5,0.5,0.5,0.5,0.5,,,,,,,,0.0,,,,0.5,,,,,0.5,0,insufficient,insufficient,insufficient,none,insufficient,Fewer than 8 recent matches; behavior is insufficient.; No recent match date available.; Opponent Elo missing for recent matches; schedule strength unknown.; Residual coverage is 0%; residual behavior is unreliable.,Fewer than 8 recent matches; behavior is insufficient.,No recent match date available.,,,,,,0.0,0,0,unknown,Opponent Elo missing for recent matches; schedule strength unknown.,,Residual coverage is 0%; residual behavior is unreliable.,,2026-06-25T22:09:13+00:00
United States,2026-06-27,2022-06-27,2026-06-27,792,40,2023-11-16,2026-06-19,calibrated_4y_40m_hl365,40,2.26,2.038,2.26,0.996,1.159,0.996,1.264,1.523,1.324,0.734,0.781,0.88,0.88,0.627,0.73,0.627,0.734,0.518,0.497,0.556,0.556,0.567,0.538,0.567,0.518,0.38,0.691,0.38,-0.201,-0.115,-0.201,0.093,1.0,0.919,0.403,0.397,0.719,0.602,0.64,0.339,0.108,0.5,0,high,high,high,none,high,Recent schedule skews toward strong opponents.; Attack index increased after opponent-quality adjustment. Defense index increased after opponent-quality adjustment.; Schedule strength may be misleading; residuals do not support the full opponent boost.,,,,1788.967,1799.287,1541.013,2014.91,1.0,30,0,strong,Recent schedule skews toward strong opponents.,Attack index increased after opponent-quality adjustment. Defense index increased after opponent-quality adjustment.,Schedule strength may be misleading; residuals do not support the full opponent boost.,,2026-06-25T22:09:13+00:00
United States Virgin Islands,2026-06-27,2022-06-27,2026-06-27,78,16,2023-03-25,2026-03-28,calibrated_4y_40m_hl365,16,1.541,1.687,1.541,2.171,1.862,2.171,-0.63,0.692,3.782,0.563,0.576,0.497,0.497,0.532,0.754,0.532,0.563,0.298,0.243,0.152,0.152,0.426,0.416,0.426,0.298,0.097,0.762,0.097,0.221,0.251,0.221,0.126,1.0,0.861,0.657,0.421,0.311,0.538,0.6,0.138,0.353,0.5,0,moderate,moderate,moderate,none,moderate,Recent goals-against differs from all-time by -1.61.; Recent schedule skews toward weak opponents.; Attack index reduced after opponent-quality adjustment. Defense index reduced after opponent-quality adjustment.; Attack residuals are concentrated in the top 3 matches (66%).,,,,1204.688,1176.483,1064.871,1500.0,1.0,0,14,weak,Recent schedule skews toward weak opponents.,Attack index reduced after opponent-quality adjustment. Defense index reduced after opponent-quality adjustment.,,Attack residuals are concentrated in the top 3 matches (66%).,2026-06-25T22:09:13+00:00
Uruguay,2026-06-27,2022-06-27,2026-06-27,971,40,2023-03-24,2026-06-15,calibrated_4y_40m_hl365,40,1.2,1.041,1.2,0.642,0.735,0.642,0.559,1.581,1.214,0.393,0.431,0.499,0.499,0.304,0.33,0.304,0.393,0.673,0.676,0.719,0.719,0.666,0.643,0.666,0.673,-0.589,-0.509,-0.589,-0.498,-0.428,-0.498,-0.081,1.0,0.96,0.288,0.252,0.481,0.408,0.238,0.538,0.39,0.5,0,high,high,high,none,high,Recent schedule skews toward strong opponents.; Attack index increased after opponent-quality adjustment. Defense index increased after opponent-quality adjustment.; Attack boosted by opponent adjustment but goal residual is negative. Schedule strength may be misleading; residuals do not support the full opponent boost.,,,,1791.83,1783.233,1441.337,2084.309,1.0,31,0,strong,Recent schedule skews toward strong opponents.,Attack index increased after opponent-quality adjustment. Defense index increased after opponent-quality adjustment.,Attack boosted by opponent adjustment but goal residual is negative. Schedule strength may be misleading; residuals do not support the full opponent boost.,,2026-06-25T22:09:13+00:00
Uzbekistan,2026-06-27,2022-06-27,2026-06-27,355,40,2023-06-14,2026-06-17,calibrated_4y_40m_hl365,40,1.421,1.308,1.421,0.932,1.101,0.932,0.489,1.73,1.118,0.512,0.544,0.595,0.595,0.437,0.449,0.437,0.512,0.553,0.551,0.61,0.61,0.559,0.564,0.559,0.553,-0.189,-0.154,-0.189,-0.177,-0.191,-0.177,-0.025,1.0,0.98,0.309,0.379,0.501,0.476,0.522,0.518,0.265,0.5,0,high,high,high,none,high,Recent schedule skews toward strong opponents.; Attack index increased after opponent-quality adjustment. Defense index increased after opponent-quality adjustment.; Attack boosted by opponent adjustment but goal residual is negative. Schedule strength may be misleading; residuals do not support the full opponent boost.,,,,1649.909,1663.107,1294.081,1949.313,1.0,18,2,strong,Recent schedule skews toward strong opponents.,Attack index increased after opponent-quality adjustment. Defense index increased after opponent-quality adjustment.,Attack boosted by opponent adjustment but goal residual is negative. Schedule strength may be misleading; residuals do not support the full opponent boost.,,2026-06-25T22:09:13+00:00
Vanuatu,2026-06-27,2022-06-27,2026-06-27,214,26,2022-09-24,2026-06-06,calibrated_4y_40m_hl365,26,1.455,1.48,1.455,1.685,1.699,1.685,-0.23,1.883,2.15,0.611,0.634,0.625,0.625,0.557,0.568,0.557,0.611,0.384,0.339,0.345,0.345,0.49,0.323,0.49,0.384,0.171,0.204,0.171,0.029,0.531,0.029,0.096,1.0,0.905,0.329,0.353,0.485,0.629,0.7,0.169,0.202,0.5,0,high,high,high,none,high,,,,,1510.095,1533.933,978.029,1751.422,1.0,3,3,average,,,,,2026-06-25T22:09:13+00:00
Vatican City,2026-06-27,2022-06-27,2026-06-27,8,0,,,calibrated_4y_40m_hl365,0,,,,,,,,0.75,2.625,0.5,0.5,0.5,0.5,0.5,0.5,0.5,0.5,0.5,0.5,0.5,0.5,0.5,0.5,0.5,0.5,,,,,,,,0.0,,,,0.5,,,,,0.5,0,insufficient,insufficient,insufficient,none,insufficient,Fewer than 8 recent matches; behavior is insufficient.; No recent match date available.; Opponent Elo missing for recent matches; schedule strength unknown.; Residual coverage is 0%; residual behavior is unreliable.,Fewer than 8 recent matches; behavior is insufficient.,No recent match date available.,,,,,,0.0,0,0,unknown,Opponent Elo missing for recent matches; schedule strength unknown.,,Residual coverage is 0%; residual behavior is unreliable.,,2026-06-25T22:09:13+00:00
Venezuela,2026-06-27,2022-06-27,2026-06-27,460,40,2022-09-22,2026-06-09,calibrated_4y_40m_hl365,40,1.419,1.246,1.419,1.207,1.38,1.207,0.213,1.05,1.861,0.486,0.497,0.573,0.573,0.46,0.497,0.46,0.486,0.5,0.46,0.526,0.526,0.595,0.493,0.595,0.5,-0.12,-0.008,-0.12,-0.286,0.02,-0.286,0.041,1.0,0.928,0.393,0.294,0.434,0.432,0.454,0.415,0.334,0.5,0,high,high,high,none,high,Recent schedule skews toward strong opponents.; Attack index increased after opponent-quality adjustment. Defense index increased after opponent-quality adjustment.; Attack boosted by opponent adjustment but goal residual is negative. Schedule strength may be misleading; residuals do not support the full opponent boost.,,,,1790.888,1773.541,1541.57,2082.023,1.0,29,0,strong,Recent schedule skews toward strong opponents.,Attack index increased after opponent-quality adjustment. Defense index increased after opponent-quality adjustment.,Attack boosted by opponent adjustment but goal residual is negative. Schedule strength may be misleading; residuals do not support the full opponent boost.,,2026-06-25T22:09:13+00:00
Vietnam,2026-06-27,2022-06-27,2026-06-27,297,40,2022-12-30,2026-03-26,calibrated_4y_40m_hl365,40,1.652,1.891,1.652,1.075,1.061,1.075,0.576,1.646,1.367,0.67,0.721,0.621,0.621,0.552,0.595,0.552,0.67,0.579,0.585,0.558,0.558,0.565,0.524,0.565,0.579,0.156,0.284,0.156,-0.194,-0.073,-0.194,0.03,1.0,0.899,0.312,0.377,0.596,0.38,0.591,0.362,0.179,0.5,0,high,high,high,none,high,Recent schedule skews toward weak opponents.; Attack index reduced after opponent-quality adjustment.,,,,1425.153,1438.26,1030.146,1925.505,1.0,5,16,weak,Recent schedule skews toward weak opponents.,Attack index reduced after opponent-quality adjustment.,,,2026-06-25T22:09:13+00:00
Vietnam Republic,2026-06-27,2022-06-27,2026-06-27,195,0,,,calibrated_4y_40m_hl365,0,,,,,,,,1.867,1.6,0.5,0.5,0.5,0.5,0.5,0.5,0.5,0.5,0.5,0.5,0.5,0.5,0.5,0.5,0.5,0.5,,,,,,,,0.0,,,,0.5,,,,,0.5,0,insufficient,insufficient,insufficient,none,insufficient,Fewer than 8 recent matches; behavior is insufficient.; No recent match date available.; Opponent Elo missing for recent matches; schedule strength unknown.; Residual coverage is 0%; residual behavior is unreliable.,Fewer than 8 recent matches; behavior is insufficient.,No recent match date available.,,,,,,0.0,0,0,unknown,Opponent Elo missing for recent matches; schedule strength unknown.,,Residual coverage is 0%; residual behavior is unreliable.,,2026-06-25T22:09:13+00:00
Wales,2026-06-27,2022-06-27,2026-06-27,726,39,2022-09-22,2026-06-06,calibrated_4y_40m_hl365,39,1.638,1.6,1.638,1.092,1.25,1.092,0.546,1.253,1.598,0.569,0.63,0.653,0.653,0.427,0.553,0.427,0.569,0.505,0.504,0.534,0.534,0.507,0.476,0.507,0.505,-0.219,0.158,-0.219,-0.022,0.071,-0.022,-0.081,1.0,0.932,0.325,0.402,0.49,0.64,0.46,0.259,0.141,0.5,0,high,high,high,none,high,Recent schedule skews toward strong opponents.; Defense index increased after opponent-quality adjustment.; Attack boosted by opponent adjustment but goal residual is negative. Schedule strength may be misleading; residuals do not support the full opponent boost.,,,,1640.466,1646.378,1048.353,2014.288,1.0,17,4,strong,Recent schedule skews toward strong opponents.,Defense index increased after opponent-quality adjustment.,Attack boosted by opponent adjustment but goal residual is negative. Schedule strength may be misleading; residuals do not support the full opponent boost.,,2026-06-25T22:09:13+00:00
Wallis Islands and Futuna,2026-06-27,2022-06-27,2026-06-27,24,0,,,calibrated_4y_40m_hl365,0,,,,,,,,0.958,4.542,0.5,0.5,0.5,0.5,0.5,0.5,0.5,0.5,0.5,0.5,0.5,0.5,0.5,0.5,0.5,0.5,,,,,,,,0.0,,,,0.5,,,,,0.5,0,insufficient,insufficient,insufficient,none,insufficient,Fewer than 8 recent matches; behavior is insufficient.; No recent match date available.; Opponent Elo missing for recent matches; schedule strength unknown.; Residual coverage is 0%; residual behavior is unreliable.,Fewer than 8 recent matches; behavior is insufficient.,No recent match date available.,,,,,,0.0,0,0,unknown,Opponent Elo missing for recent matches; schedule strength unknown.,,Residual coverage is 0%; residual behavior is unreliable.,,2026-06-25T22:09:13+00:00
West Papua,2026-06-27,2022-06-27,2026-06-27,2,1,2022-11-13,2022-11-13,calibrated_4y_40m_hl365,1,0.917,1.0,0.917,1.09,1.0,1.09,-0.173,1.5,4.5,0.434,0.483,0.443,0.443,0.321,0.321,0.321,0.434,0.537,0.526,0.509,0.509,0.562,0.562,0.562,0.537,-0.536,-0.536,-0.536,-0.186,-0.186,-0.186,-0.205,1.0,1.0,1.0,1.0,0.26,1.0,0.0,0.0,0.0,0.5,0,insufficient,insufficient,insufficient,none,insufficient,Fewer than 8 recent matches; behavior is insufficient.; Latest match is 1322 days before reference date.; Recent goals-against differs from all-time by -3.41.; Recent schedule skews toward weak opponents.; Attack index reduced after opponent-quality adjustment.; Attack residuals are concentrated in the top 3 matches (100%). Defense residuals are concentrated in the top 3 matches (100%).,Fewer than 8 recent matches; behavior is insufficient.,Latest match is 1322 days before reference date.,,1367.588,1367.588,1367.588,1367.588,1.0,0,0,weak,Recent schedule skews toward weak opponents.,Attack index reduced after opponent-quality adjustment.,,Attack residuals are concentrated in the top 3 matches (100%). Defense residuals are concentrated in the top 3 matches (100%).,2026-06-25T22:09:13+00:00
Western Armenia,2026-06-27,2022-06-27,2026-06-27,16,0,,,calibrated_4y_40m_hl365,0,,,,,,,,2.125,1.25,0.5,0.5,0.5,0.5,0.5,0.5,0.5,0.5,0.5,0.5,0.5,0.5,0.5,0.5,0.5,0.5,,,,,,,,0.0,,,,0.5,,,,,0.5,0,insufficient,insufficient,insufficient,none,insufficient,Fewer than 8 recent matches; behavior is insufficient.; No recent match date available.; Opponent Elo missing for recent matches; schedule strength unknown.; Residual coverage is 0%; residual behavior is unreliable.,Fewer than 8 recent matches; behavior is insufficient.,No recent match date available.,,,,,,0.0,0,0,unknown,Opponent Elo missing for recent matches; schedule strength unknown.,,Residual coverage is 0%; residual behavior is unreliable.,,2026-06-25T22:09:13+00:00
Western Australia,2026-06-27,2022-06-27,2026-06-27,32,0,,,calibrated_4y_40m_hl365,0,,,,,,,,1.969,2.344,0.5,0.5,0.5,0.5,0.5,0.5,0.5,0.5,0.5,0.5,0.5,0.5,0.5,0.5,0.5,0.5,,,,,,,,0.0,,,,0.5,,,,,0.5,0,insufficient,insufficient,insufficient,none,insufficient,Fewer than 8 recent matches; behavior is insufficient.; No recent match date available.; Opponent Elo missing for recent matches; schedule strength unknown.; Residual coverage is 0%; residual behavior is unreliable.,Fewer than 8 recent matches; behavior is insufficient.,No recent match date available.,,,,,,0.0,0,0,unknown,Opponent Elo missing for recent matches; schedule strength unknown.,,Residual coverage is 0%; residual behavior is unreliable.,,2026-06-25T22:09:13+00:00
Western Isles,2026-06-27,2022-06-27,2026-06-27,34,6,2023-07-09,2025-07-17,calibrated_4y_40m_hl365,6,1.394,1.4,1.394,1.716,1.74,1.716,-0.322,1.5,2.265,0.529,0.514,0.512,0.512,0.566,0.566,0.566,0.529,0.345,0.31,0.313,0.313,0.428,0.428,0.428,0.345,0.198,0.198,0.198,0.216,0.216,0.216,-0.018,1.0,1.0,0.898,0.899,0.241,0.449,0.449,0.053,0.498,0.5,0,insufficient,insufficient,insufficient,none,insufficient,Fewer than 8 recent matches; behavior is insufficient.; Defense boosted by opponent adjustment but goals-against residual is poor.; Attack residuals are concentrated in the top 3 matches (90%). Defense residuals are concentrated in the top 3 matches (90%).,Fewer than 8 recent matches; behavior is insufficient.,,,1580.338,1579.508,1485.4,1715.851,1.0,1,0,average,,,Defense boosted by opponent adjustment but goals-against residual is poor.,Attack residuals are concentrated in the top 3 matches (90%). Defense residuals are concentrated in the top 3 matches (90%).,2026-06-25T22:09:13+00:00
Western Sahara,2026-06-27,2022-06-27,2026-06-27,9,0,,,calibrated_4y_40m_hl365,0,,,,,,,,1.778,4.222,0.5,0.5,0.5,0.5,0.5,0.5,0.5,0.5,0.5,0.5,0.5,0.5,0.5,0.5,0.5,0.5,,,,,,,,0.0,,,,0.5,,,,,0.5,0,insufficient,insufficient,insufficient,none,insufficient,Fewer than 8 recent matches; behavior is insufficient.; No recent match date available.; Opponent Elo missing for recent matches; schedule strength unknown.; Residual coverage is 0%; residual behavior is unreliable.,Fewer than 8 recent matches; behavior is insufficient.,No recent match date available.,,,,,,0.0,0,0,unknown,Opponent Elo missing for recent matches; schedule strength unknown.,,Residual coverage is 0%; residual behavior is unreliable.,,2026-06-25T22:09:13+00:00
Yemen,2026-06-27,2022-06-27,2026-06-27,266,22,2023-01-06,2025-11-26,calibrated_4y_40m_hl365,22,1.993,2.094,1.993,1.031,1.003,1.031,0.962,0.974,2.169,0.683,0.727,0.646,0.646,0.582,1.0,0.582,0.683,0.621,0.613,0.581,0.581,0.639,0.617,0.639,0.621,0.245,1.685,0.245,-0.418,-0.35,-0.418,0.101,1.0,0.865,0.448,0.507,0.506,0.387,0.546,0.41,0.305,0.5,0,moderate,moderate,moderate,none,moderate,Recent goals-for differs from all-time by +1.02. Recent goals-against differs from all-time by -1.14.; Recent schedule skews toward weak opponents.; Attack index reduced after opponent-quality adjustment. Defense index reduced after opponent-quality adjustment.,,,,1362.742,1462.387,967.109,1744.422,1.0,2,10,weak,Recent schedule skews toward weak opponents.,Attack index reduced after opponent-quality adjustment. Defense index reduced after opponent-quality adjustment.,,,2026-06-25T22:09:13+00:00
Yemen DPR,2026-06-27,2022-06-27,2026-06-27,25,0,,,calibrated_4y_40m_hl365,0,,,,,,,,1.0,2.76,0.5,0.5,0.5,0.5,0.5,0.5,0.5,0.5,0.5,0.5,0.5,0.5,0.5,0.5,0.5,0.5,,,,,,,,0.0,,,,0.5,,,,,0.5,0,insufficient,insufficient,insufficient,none,insufficient,Fewer than 8 recent matches; behavior is insufficient.; No recent match date available.; Opponent Elo missing for recent matches; schedule strength unknown.; Residual coverage is 0%; residual behavior is unreliable.,Fewer than 8 recent matches; behavior is insufficient.,No recent match date available.,,,,,,0.0,0,0,unknown,Opponent Elo missing for recent matches; schedule strength unknown.,,Residual coverage is 0%; residual behavior is unreliable.,,2026-06-25T22:09:13+00:00
Ynys Môn,2026-06-27,2022-06-27,2026-06-27,67,6,2023-07-09,2025-07-17,calibrated_4y_40m_hl365,6,1.371,1.315,1.371,0.32,0.317,0.32,1.051,1.866,1.433,0.541,0.586,0.597,0.597,0.435,0.478,0.435,0.541,0.876,0.883,0.893,0.893,0.858,0.808,0.858,0.876,-0.194,-0.065,-0.194,-1.074,-0.924,-1.074,0.392,1.0,0.965,0.802,0.927,0.907,0.158,0.158,0.87,0.0,0.5,0,insufficient,insufficient,insufficient,none,insufficient,Fewer than 8 recent matches; behavior is insufficient.; Recent goals-against differs from all-time by -1.11.; Attack boosted by opponent adjustment but goal residual is negative. Schedule strength may be misleading; residuals do not support the full opponent boost.; Attack residuals are concentrated in the top 3 matches (80%). Defense residuals are concentrated in the top 3 matches (93%).,Fewer than 8 recent matches; behavior is insufficient.,,,1553.091,1565.278,1303.281,1766.315,1.0,1,1,average,,,Attack boosted by opponent adjustment but goal residual is negative. Schedule strength may be misleading; residuals do not support the full opponent boost.,Attack residuals are concentrated in the top 3 matches (80%). Defense residuals are concentrated in the top 3 matches (93%).,2026-06-25T22:09:13+00:00
Yorkshire,2026-06-27,2022-06-27,2026-06-27,7,0,,,calibrated_4y_40m_hl365,0,,,,,,,,3.857,1.571,0.5,0.5,0.5,0.5,0.5,0.5,0.5,0.5,0.5,0.5,0.5,0.5,0.5,0.5,0.5,0.5,,,,,,,,0.0,,,,0.5,,,,,0.5,0,insufficient,insufficient,insufficient,none,insufficient,Fewer than 8 recent matches; behavior is insufficient.; No recent match date available.; Opponent Elo missing for recent matches; schedule strength unknown.; Residual coverage is 0%; residual behavior is unreliable.,Fewer than 8 recent matches; behavior is insufficient.,No recent match date available.,,,,,,0.0,0,0,unknown,Opponent Elo missing for recent matches; schedule strength unknown.,,Residual coverage is 0%; residual behavior is unreliable.,,2026-06-25T22:09:13+00:00
Yoruba Nation,2026-06-27,2022-06-27,2026-06-27,2,0,,,calibrated_4y_40m_hl365,0,,,,,,,,0.5,1.0,0.5,0.5,0.5,0.5,0.5,0.5,0.5,0.5,0.5,0.5,0.5,0.5,0.5,0.5,0.5,0.5,,,,,,,,0.0,,,,0.5,,,,,0.5,0,insufficient,insufficient,insufficient,none,insufficient,Fewer than 8 recent matches; behavior is insufficient.; No recent match date available.; Opponent Elo missing for recent matches; schedule strength unknown.; Residual coverage is 0%; residual behavior is unreliable.,Fewer than 8 recent matches; behavior is insufficient.,No recent match date available.,,,,,,0.0,0,0,unknown,Opponent Elo missing for recent matches; schedule strength unknown.,,Residual coverage is 0%; residual behavior is unreliable.,,2026-06-25T22:09:13+00:00
Yugoslavia,2026-06-27,2022-06-27,2026-06-27,483,0,,,calibrated_4y_40m_hl365,0,,,,,,,,1.95,1.565,0.5,0.5,0.5,0.5,0.5,0.5,0.5,0.5,0.5,0.5,0.5,0.5,0.5,0.5,0.5,0.5,,,,,,,,0.0,,,,0.5,,,,,0.5,0,insufficient,insufficient,insufficient,none,insufficient,Fewer than 8 recent matches; behavior is insufficient.; No recent match date available.; Opponent Elo missing for recent matches; schedule strength unknown.; Residual coverage is 0%; residual behavior is unreliable.,Fewer than 8 recent matches; behavior is insufficient.,No recent match date available.,,,,,,0.0,0,0,unknown,Opponent Elo missing for recent matches; schedule strength unknown.,,Residual coverage is 0%; residual behavior is unreliable.,,2026-06-25T22:09:13+00:00
Zambia,2026-06-27,2022-06-27,2026-06-27,793,40,2022-07-12,2026-03-31,calibrated_4y_40m_hl365,40,0.729,0.724,0.729,1.348,1.455,1.348,-0.619,1.556,1.073,0.312,0.312,0.317,0.317,0.313,0.314,0.313,0.312,0.462,0.425,0.455,0.455,0.547,0.492,0.547,0.462,-0.561,-0.558,-0.561,-0.141,0.024,-0.141,-0.064,1.0,0.941,0.413,0.346,0.307,0.3,0.352,0.287,0.507,0.5,0,high,high,high,none,high,Defense index increased after opponent-quality adjustment.; Attack boosted by opponent adjustment but goal residual is negative.,,,,1563.796,1506.92,1131.132,2055.336,1.0,12,3,average,,Defense index increased after opponent-quality adjustment.,Attack boosted by opponent adjustment but goal residual is negative.,,2026-06-25T22:09:13+00:00
Zanzibar,2026-06-27,2022-06-27,2026-06-27,209,4,2025-01-03,2025-01-13,calibrated_4y_40m_hl365,4,1.044,1.005,1.044,0.471,0.502,0.471,0.573,0.914,2.086,0.453,0.467,0.484,0.484,0.421,0.421,0.421,0.453,0.78,0.762,0.768,0.768,0.823,0.823,0.823,0.78,-0.238,-0.238,-0.238,-0.968,-0.968,-0.968,0.308,1.0,1.0,0.888,0.865,0.735,0.253,0.253,0.501,0.249,0.5,0,insufficient,insufficient,insufficient,none,insufficient,Fewer than 8 recent matches; behavior is insufficient.; Latest match is 530 days before reference date.; Recent goals-against differs from all-time by -1.61.; Attack boosted by opponent adjustment but goal residual is negative. Schedule strength may be misleading; residuals do not support the full opponent boost.; Attack residuals are concentrated in the top 3 matches (89%). Defense residuals are concentrated in the top 3 matches (86%).,Fewer than 8 recent matches; behavior is insufficient.,Latest match is 530 days before reference date.,,1557.621,1554.664,1507.541,1613.616,1.0,0,0,average,,,Attack boosted by opponent adjustment but goal residual is negative. Schedule strength may be misleading; residuals do not support the full opponent boost.,Attack residuals are concentrated in the top 3 matches (89%). Defense residuals are concentrated in the top 3 matches (86%).,2026-06-25T22:09:13+00:00
Zimbabwe,2026-06-27,2022-06-27,2026-06-27,496,26,2023-11-15,2026-05-30,calibrated_4y_40m_hl365,26,0.907,0.888,0.907,1.081,1.157,1.081,-0.174,1.331,1.192,0.382,0.384,0.394,0.394,0.376,0.388,0.376,0.382,0.534,0.498,0.518,0.518,0.618,0.625,0.618,0.534,-0.373,-0.335,-0.373,-0.354,-0.374,-0.354,0.0,1.0,0.981,0.325,0.395,0.315,0.405,0.336,0.278,0.417,0.5,0,high,high,high,none,high,Attack boosted by opponent adjustment but goal residual is negative. Schedule strength may be misleading; residuals do not support the full opponent boost.,,,,1560.878,1537.49,1301.462,1784.05,1.0,5,1,average,,,Attack boosted by opponent adjustment but goal residual is negative. Schedule strength may be misleading; residuals do not support the full opponent boost.,,2026-06-25T22:09:13+00:00
Åland Islands,2026-06-27,2022-06-27,2026-06-27,51,4,2023-07-09,2023-07-13,calibrated_4y_40m_hl365,4,0.502,0.501,0.502,2.159,2.247,2.159,-1.657,1.51,1.686,0.227,0.242,0.242,0.242,0.191,0.21,0.191,0.227,0.164,0.116,0.141,0.141,0.277,0.207,0.277,0.164,-0.926,-0.871,-0.926,0.67,0.879,0.67,-0.4,1.0,0.935,0.984,0.972,0.057,0.501,0.249,0.0,0.499,0.5,0,insufficient,insufficient,insufficient,none,insufficient,Fewer than 8 recent matches; behavior is insufficient.; Latest match is 1080 days before reference date.; Recent goals-for differs from all-time by -1.01.; Recent schedule includes both strong and weak opponents.; Defense boosted by opponent adjustment but goals-against residual is poor.; Attack residuals are concentrated in the top 3 matches (98%). Defense residuals are concentrated in the top 3 matches (97%).,Fewer than 8 recent matches; behavior is insufficient.,Latest match is 1080 days before reference date.,,1509.745,1515.62,1289.069,1718.669,1.0,1,1,mixed,Recent schedule includes both strong and weak opponents.,,Defense boosted by opponent adjustment but goals-against residual is poor.,Attack residuals are concentrated in the top 3 matches (98%). Defense residuals are concentrated in the top 3 matches (97%).,2026-06-25T22:09:13+00:00
